Segmento,Record Name,matches,Relation id
0,cabelio,0,11
0,conna,0,13
0,ffffff,0,15
0,ahoj  jsem z ceske republiky,0,24
0,carolina peace,0,36
0,esamble,0,43
0,hola,0,61
0,hola,0,62
0,znzzm,0,113
0,3-3,0,143
0,3,0,146
0,abigail salazar,0,163
0,abril,0,167
0,aburimiento,0,168
0,actualidad,0,169
0,Adelaida,0,172
0,adhd,0,173
0,adios,0,174
0,adios,0,177
0,adios,0,179
0,adjetivo,0,180
0,adrian,0,186
0,aedo,0,190
0,aeiou,0,191
0,aggro,0,194
0,agua,0,196
0,AGUSTIN,0,203
0,ajedrez,0,207
0,al aldo le gusta la chora rosa,0,211
0,al otro lado,0,213
0,alameda,0,216
0,alan,0,217
0,alba ibet,0,219
0,alba montoya,0,220
0,albaro rivera,0,222
0,alcool,0,224
0,aldana,0,226
0,alegría,0,228
0,alegria,0,229
0,alejandra,0,235
0,alejandra,0,236
0,alejandra,0,237
0,alejandro duran,0,239
0,alejandro,0,240
0,alejand,0,241
0,alemania,0,243
0,alex arriagada,0,245
0,alexander supertramp,0,246
0,alexandra mabes,0,249
0,alexandra toro moreno,0,250
0,alexis,0,252
0,alexis,0,253
0,alexis,0,254
0,alfa,0,259
0,algoritmos,0,262
0,algunas son chatrra y itras son la papa,0,271
0,alicia alonso,0,273
0,ali,0,277
0,allende salvador,0,278
0,alma,0,281
0,almendra quintanilla,0,283
0,almudena,0,288
0,almudena,0,289
0,alquimia,0,293
0,alvaro gonzalez riquelme,0,294
0,alvaro,0,295
0,alvaro,0,296
0,al,0,297
0,amanda,0,299
0,ambar,0,302
0,ambrosia,0,303
0,amorío,0,312
0,amor de verdad,0,313
0,amor,0,315
0,amor,0,316
0,amor,0,317
0,amor,0,318
0,amor,0,321
0,amor,0,322
0,amor,0,323
0,amor,0,324
0,amor,0,325
0,amor,0,326
0,amor,0,327
0,amor,0,328
0,amor,0,329
0,amor,0,330
0,amor,0,331
0,Amor,0,332
0,amor,0,333
0,amor,0,334
0,amor,0,335
0,amor,0,336
0,amor,0,337
0,amor,0,338
0,amor,0,339
0,amor,0,340
0,amor,0,341
0,amor,0,342
0,amor,0,343
0,amor,0,344
0,amor,0,345
0,amor,0,346
0,amor,0,347
0,amor,0,348
0,amor,0,349
0,AMOR,0,350
0,amor,0,352
0,amor,0,353
0,amor,0,354
0,amor,0,355
0,amor,0,356
0,amor,0,357
0,amor,0,358
0,amor,0,359
0,amor,0,360
0,amor,0,361
0,amor,0,362
0,amor,0,365
0,amor,0,366
0,amor,0,367
0,amor,0,368
0,amor,0,369
0,amor,0,370
0,amor,0,371
0,amor,0,372
0,amor,0,373
0,amor,0,374
0,amor,0,375
0,amor,0,376
0,amor,0,377
0,amor,0,378
0,amor,0,379
0,amor,0,380
0,amor,0,381
0,amor,0,382
0,amor,0,383
0,amor,0,384
0,amor,0,385
0,amor,0,386
0,amour,0,387
0,ana huberman,0,389
0,ana paula araya,0,391
0,anais  fuenzalida,0,392
0,anais teamo,0,393
0,ana,0,402
0,anderson,0,403
0,andes,0,404
0,andrea rojas olivo,0,406
0,andy schuster,0,414
0,angela,0,415
0,angelica riadi,0,416
0,Angelica,0,417
0,angelini,0,418
0,angelith,0,420
0,angelo ignacio pincheira contreras,0,421
0,animales,0,426
0,animales,0,427
0,animal,0,428
0,animal,0,429
0,anonymous,0,432
0,anormais,0,433
0,antiterrorismo,0,434
0,antoine,0,435
0,ANTONIA SOLANGE ARAYA DIEZ,0,436
0,antonia tellez,0,437
0,antonia,0,438
0,antonia,0,439
0,antonia,0,440
0,antonio,0,441
0,antooooo,0,442
0,aojado,0,446
0,apollo,0,450
0,Aracelly,0,452
0,arbol,0,454
0,argentina el mejor,0,463
0,argentina es el mejor,0,464
0,ari,0,472
0,arroz,0,477
0,arte con acuarelas,0,479
0,arte moderno,0,482
0,arte moderno,0,483
0,artes,0,487
0,artes,0,488
0,arte,0,489
0,arte,0,490
0,arte,0,491
0,arte,0,492
0,arte,0,493
0,arte,0,494
0,arte,0,495
0,arte,0,496
0,ARTE,0,497
0,arte,0,498
0,arte,0,499
0,arte,0,500
0,arte,0,501
0,arte,0,502
0,arte,0,503
0,arte,0,504
0,Arte,0,505
0,arte,0,506
0,arte,0,507
0,Arte,0,508
0,arte,0,509
0,arte,0,510
0,asa,0,513
0,Asegúrate de que todas las palabras estén escritas correctamente,0,521
0,Asegúrate de que todas las palabras estén escritas correctamente,0,522
0,Asegúrate de que todas las palabras estén escritas correctamente,0,523
0,Asegúrate de que todas las palabras estén escritas correctamente,0,524
0,Asegúrate de que todas las palabras estén escritas correctamente,0,525
0,Asegúrate de que todas las palabras estén escritas correctamente,0,526
0,Asegúrate de que todas las palabras estén escritas correctamente,0,527
0,Asegúrate de que todas las palabras estén escritas correctamente,0,528
0,Asegúrate de que todas las palabras estén escritas correctamente,0,529
0,Asegúrate de que todas las palabras estén escritas correctamente,0,530
0,Asegúrate de que todas las palabras estén escritas correctamente,0,531
0,Asegúrate de que todas las palabras estén escritas correctamente,0,532
0,Asegúrate de que todas las palabras estén escritas correctamente,0,533
0,Asegúrate de que todas las palabras estén escritas correctamente,0,534
0,Asegúrate de que todas las palabras estén escritas correctamente,0,535
0,Asegúrate de que todas las palabras estén escritas correctamente,0,536
0,Asegúrate de que todas las palabras estén escritas correctamente,0,537
0,Asegúrate de que todas las palabras estén escritas correctamente,0,538
0,Asegúrate de que todas las palabras estén escritas correctamente,0,539
0,Asegúrate de que todas las palabras estén escritas correctamente,0,540
0,Asegúrate de que todas las palabras estén escritas correctamente,0,541
0,Asegúrate de que todas las palabras estén escritas correctamente,0,542
0,Asegúrate de que todas las palabras estén escritas correctamente,0,543
0,Asegúrate de que todas las palabras estén escritas correctamente,0,544
0,Asegúrate de que todas las palabras estén escritas correctamente,0,545
0,Asegúrate de que todas las palabras estén escritas correctamente,0,546
0,Asegúrate de que todas las palabras estén escritas correctamente,0,547
0,Asegúrate de que todas las palabras estén escritas correctamente,0,548
0,Asegúrate de que todas las palabras estén escritas correctamente,0,549
0,Asegúrate de que todas las palabras estén escritas correctamente,0,550
0,Asegúrate de que todas las palabras estén escritas correctamente,0,551
0,Asegúrate de que todas las palabras estén escritas correctamente,0,552
0,Asegúrate de que todas las palabras estén escritas correctamente,0,553
0,Asegúrate de que todas las palabras estén escritas correctamente,0,554
0,Asegúrate de que todas las palabras estén escritas correctamente,0,555
0,Asegúrate de que todas las palabras estén escritas correctamente,0,556
0,Asegúrate de que todas las palabras estén escritas correctamente,0,557
0,Asegúrate de que todas las palabras estén escritas correctamente,0,558
0,Asegúrate de que todas las palabras estén escritas correctamente,0,559
0,Asegúrate de que todas las palabras estén escritas correctamente,0,560
0,Asegúrate de que todas las palabras estén escritas correctamente,0,561
0,Asegúrate de que todas las palabras estén escritas correctamente,0,562
0,Asegúrate de que todas las palabras estén escritas correctamente,0,563
0,Asegúrate de que todas las palabras estén escritas correctamente,0,564
0,Asegúrate de que todas las palabras estén escritas correctamente,0,565
0,Asegúrate de que todas las palabras estén escritas correctamente,0,566
0,Asegúrate de que todas las palabras estén escritas correctamente,0,567
0,Asegúrate de que todas las palabras estén escritas correctamente,0,568
0,Asegúrate de que todas las palabras estén escritas correctamente,0,569
0,Asegúrate de que todas las palabras estén escritas correctamente,0,570
0,Asegúrate de que todas las palabras estén escritas correctamente,0,571
0,Asegúrate de que todas las palabras estén escritas correctamente,0,572
0,Asegúrate de que todas las palabras estén escritas correctamente,0,573
0,Asegúrate de que todas las palabras estén escritas correctamente,0,574
0,Asegúrate de que todas las palabras estén escritas correctamente,0,575
0,Asegúrate de que todas las palabras estén escritas correctamente,0,576
0,Asegúrate de que todas las palabras estén escritas correctamente,0,577
0,Asegúrate de que todas las palabras estén escritas correctamente,0,578
0,Asegúrate de que todas las palabras estén escritas correctamente,0,579
0,Asegúrate de que todas las palabras estén escritas correctamente,0,580
0,Asegúrate de que todas las palabras estén escritas correctamente,0,581
0,Asegúrate de que todas las palabras estén escritas correctamente,0,582
0,Asegúrate de que todas las palabras estén escritas correctamente,0,583
0,Asegúrate de que todas las palabras estén escritas correctamente,0,584
0,Asegúrate de que todas las palabras estén escritas correctamente,0,585
0,Asegúrate de que todas las palabras estén escritas correctamente,0,586
0,Asegúrate de que todas las palabras estén escritas correctamente,0,587
0,Asegúrate de que todas las palabras estén escritas correctamente,0,588
0,Asegúrate de que todas las palabras estén escritas correctamente,0,589
0,Asegúrate de que todas las palabras estén escritas correctamente,0,590
0,Asegúrate de que todas las palabras estén escritas correctamente,0,591
0,Asegúrate de que todas las palabras estén escritas correctamente,0,592
0,Asegúrate de que todas las palabras estén escritas correctamente,0,593
0,Asegúrate de que todas las palabras estén escritas correctamente,0,594
0,Asegúrate de que todas las palabras estén escritas correctamente,0,595
0,Asegúrate de que todas las palabras estén escritas correctamente,0,596
0,Asegúrate de que todas las palabras estén escritas correctamente,0,597
0,Asegúrate de que todas las palabras estén escritas correctamente,0,598
0,Asegúrate de que todas las palabras estén escritas correctamente,0,599
0,Asegúrate de que todas las palabras estén escritas correctamente,0,600
0,Asegúrate de que todas las palabras estén escritas correctamente,0,601
0,Asegúrate de que todas las palabras estén escritas correctamente,0,602
0,Asegúrate de que todas las palabras estén escritas correctamente,0,603
0,Asegúrate de que todas las palabras estén escritas correctamente,0,604
0,Asegúrate de que todas las palabras estén escritas correctamente,0,605
0,Asegúrate de que todas las palabras estén escritas correctamente,0,606
0,Asegúrate de que todas las palabras estén escritas correctamente,0,607
0,Asegúrate de que todas las palabras estén escritas correctamente,0,608
0,Asegúrate de que todas las palabras estén escritas correctamente,0,609
0,Asegúrate de que todas las palabras estén escritas correctamente,0,610
0,Asegúrate de que todas las palabras estén escritas correctamente,0,611
0,Asegúrate de que todas las palabras estén escritas correctamente,0,612
0,Asegúrate de que todas las palabras estén escritas correctamente,0,613
0,Asegúrate de que todas las palabras estén escritas correctamente,0,614
0,Asegúrate de que todas las palabras estén escritas correctamente,0,615
0,Asegúrate de que todas las palabras estén escritas correctamente,0,616
0,Asegúrate de que todas las palabras estén escritas correctamente,0,617
0,Asegúrate de que todas las palabras estén escritas correctamente,0,618
0,Asegúrate de que todas las palabras estén escritas correctamente,0,619
0,Asegúrate de que todas las palabras estén escritas correctamente,0,620
0,Asegúrate de que todas las palabras estén escritas correctamente,0,621
0,Asegúrate de que todas las palabras estén escritas correctamente,0,622
0,Asegúrate de que todas las palabras estén escritas correctamente,0,623
0,Asegúrate de que todas las palabras estén escritas correctamente,0,624
0,Asegúrate de que todas las palabras estén escritas correctamente,0,625
0,Asegúrate de que todas las palabras estén escritas correctamente,0,626
0,Asegúrate de que todas las palabras estén escritas correctamente,0,627
0,Asegúrate de que todas las palabras estén escritas correctamente,0,628
0,Asegúrate de que todas las palabras estén escritas correctamente,0,629
0,Asegúrate de que todas las palabras estén escritas correctamente,0,630
0,Asegúrate de que todas las palabras estén escritas correctamente,0,631
0,Asegúrate de que todas las palabras estén escritas correctamente,0,632
0,Asegúrate de que todas las palabras estén escritas correctamente,0,633
0,Asegúrate de que todas las palabras estén escritas correctamente,0,634
0,Asegúrate de que todas las palabras estén escritas correctamente,0,635
0,Asegúrate de que todas las palabras estén escritas correctamente,0,636
0,Asegúrate de que todas las palabras estén escritas correctamente,0,637
0,Asegúrate de que todas las palabras estén escritas correctamente,0,638
0,Asegúrate de que todas las palabras estén escritas correctamente,0,639
0,Asegúrate de que todas las palabras estén escritas correctamente,0,640
0,Asegúrate de que todas las palabras estén escritas correctamente,0,641
0,Asegúrate de que todas las palabras estén escritas correctamente,0,642
0,Asegúrate de que todas las palabras estén escritas correctamente,0,643
0,Asegúrate de que todas las palabras estén escritas correctamente,0,644
0,Asegúrate de que todas las palabras estén escritas correctamente,0,645
0,Asegúrate de que todas las palabras estén escritas correctamente,0,646
0,Asegúrate de que todas las palabras estén escritas correctamente,0,647
0,Asegúrate de que todas las palabras estén escritas correctamente,0,648
0,Asegúrate de que todas las palabras estén escritas correctamente,0,649
0,Asegúrate de que todas las palabras estén escritas correctamente,0,650
0,Asegúrate de que todas las palabras estén escritas correctamente,0,651
0,Asegúrate de que todas las palabras estén escritas correctamente,0,652
0,Asegúrate de que todas las palabras estén escritas correctamente,0,653
0,Asegúrate de que todas las palabras estén escritas correctamente,0,654
0,Asegúrate de que todas las palabras estén escritas correctamente,0,655
0,Asegúrate de que todas las palabras estén escritas correctamente,0,656
0,Asegúrate de que todas las palabras estén escritas correctamente,0,657
0,Asegúrate de que todas las palabras estén escritas correctamente,0,658
0,Asegúrate de que todas las palabras estén escritas correctamente,0,659
0,Asegúrate de que todas las palabras estén escritas correctamente,0,660
0,Asegúrate de que todas las palabras estén escritas correctamente,0,661
0,Asegúrate de que todas las palabras estén escritas correctamente,0,662
0,Asegúrate de que todas las palabras estén escritas correctamente,0,663
0,Asegúrate de que todas las palabras estén escritas correctamente,0,664
0,Asegúrate de que todas las palabras estén escritas correctamente,0,665
0,Asegúrate de que todas las palabras estén escritas correctamente,0,666
0,Asegúrate de que todas las palabras estén escritas correctamente,0,667
0,Asegúrate de que todas las palabras estén escritas correctamente,0,668
0,Asegúrate de que todas las palabras estén escritas correctamente,0,669
0,Asegúrate de que todas las palabras estén escritas correctamente,0,670
0,Asegúrate de que todas las palabras estén escritas correctamente,0,671
0,Asegúrate de que todas las palabras estén escritas correctamente,0,672
0,Asegúrate de que todas las palabras estén escritas correctamente,0,673
0,Asegúrate de que todas las palabras estén escritas correctamente,0,674
0,Asegúrate de que todas las palabras estén escritas correctamente,0,675
0,Asegúrate de que todas las palabras estén escritas correctamente,0,676
0,Asegúrate de que todas las palabras estén escritas correctamente,0,677
0,Asegúrate de que todas las palabras estén escritas correctamente,0,678
0,Asegúrate de que todas las palabras estén escritas correctamente,0,679
0,Asegúrate de que todas las palabras estén escritas correctamente,0,680
0,Asegúrate de que todas las palabras estén escritas correctamente,0,681
0,Asegúrate de que todas las palabras estén escritas correctamente,0,682
0,Asegúrate de que todas las palabras estén escritas correctamente,0,683
0,asegurate de que todas las palabras esten escritas correctamente,0,684
0,asje,0,687
0,atletismo,0,691
0,austin y ally,0,697
0,australia,0,698
0,AUTOS,0,704
0,auto,0,705
0,auto,0,706
0,auto,0,707
0,auto,0,708
0,avatar,0,709
0,avatar,0,710
0,aviones,0,711
0,avion,0,712
0,ayayyayayay,0,716
0,ayer,0,717
0,azucar,0,718
0,a,0,719
0,a,0,720
0,a,0,721
0,a,0,722
0,a,0,723
0,a,0,724
0,a,0,725
0,a,0,726
0,a,0,727
0,a,0,728
0,bad chilean homes,0,740
0,baila como quieras,0,741
0,bajo,0,742
0,baltazar,0,745
0,barack obama,0,746
0,barbara,0,747
0,barbara,0,748
0,barbara,0,749
0,bart baker,0,755
0,bastian,0,759
0,basura,0,763
0,bazan,0,770
0,bbbbb,0,774
0,bbb,0,776
0,beatmania,0,778
0,beatriz,0,779
0,Beatriz,0,780
0,bebe,0,781
0,belen  saa,0,785
0,belen,0,786
0,belen,0,787
0,belen,0,788
0,belen,0,789
0,bellas artes,0,791
0,belulein,0,792
0,benjamin,0,796
0,benjamin espinoza,0,798
0,benjamin,0,799
0,benjamin,0,800
0,benjamin,0,801
0,benjam,0,802
0,benja,0,803
0,Benny,0,804
0,bernardo augusto ern,0,808
0,beta testing,0,811
0,be,0,812
0,bgrbg,0,814
0,bhgfb,0,815
0,bhola,0,816
0,bia,0,818
0,bibliotecarias,0,819
0,bicicleta,0,820
0,bicicleta,0,821
0,bienal de artes visuales,0,823
0,bienal,0,825
0,bien,0,827
0,big time rush,0,829
0,big time rush,0,830
0,bincent,0,831
0,biorn borg,0,832
0,bkn,0,836
0,blablabla,0,837
0,blanca,0,841
0,BOLIVIA RECLAMA SU SALIDA AL MAR,0,849
0,Bon,0,852
0,boson de higgs,0,856
0,botella,0,859
0,brasil,0,864
0,brasil,0,865
0,brasil,0,871
0,brasil,0,872
0,Brasil,0,875
0,brasil,0,876
0,brazil,0,879
0,brazil,0,880
0,bristol,0,883
0,bruno,0,884
0,budu,0,886
0,buenas noches,0,887
0,buenas tardes,0,888
0,buenos días amor,0,890
0,buenos dias,0,891
0,buscando tras el telon,0,895
0,buscar,0,896
0,buscar,0,897
0,buscar,0,898
0,buscar,0,901
0,buscar,0,902
0,buscar,0,903
0,buscar,0,904
0,buscar,0,905
0,buscar,0,908
0,buscar,0,909
0,buscar,0,910
0,buscar,0,911
0,buscar,0,912
0,buscar,0,913
0,buscar,0,914
0,buscar,0,916
0,buscar,0,917
0,buscar,0,918
0,buscar,0,919
0,buscar,0,920
0,busco lo que no se puede,0,921
0,busco,0,922
0,busco,0,923
0,buscp,0,924
0,busqueda,0,926
0,BUSQUEDA,0,927
0,buyi,0,930
0,b,0,934
0,b,0,936
0,c,0,937
0,caballito,0,939
0,caballo,0,940
0,caballo,0,941
0,caballo,0,942
0,CABALLO,0,943
0,cabeza de loro,0,946
0,calabazas con papas,0,985
0,calco,0,986
0,calixto,0,989
0,calixto,0,990
0,callate,0,1000
0,callense por favor,0,1001
0,callense,0,1003
0,calle,0,1005
0,camara,0,1007
0,camila bruna,0,1009
0,camila umanzor,0,1013
0,camila,0,1019
0,camilo parada,0,1027
0,camilo,0,1028
0,camilo,0,1029
0,camilo,0,1030
0,candela,0,1034
0,canino,0,1037
0,canino,0,1038
0,cannabis,0,1039
0,can,0,1043
0,capsula,0,1045
0,caracoles,0,1047
0,cara,0,1048
0,Carlos Cocina,0,1053
0,carlos esteban sierra maya,0,1054
0,carlos ricardo judson,0,1056
0,carlos rivera,0,1057
0,carlos,0,1061
0,carmen aguilucha,0,1063
0,carmen,0,1066
0,carmen,0,1067
0,carmen,0,1068
0,carolina hermosilla,0,1073
0,carolina lopez egana,0,1074
0,carolina pilar campos,0,1076
0,carolina,0,1081
0,carolina,0,1083
0,carolina,0,1084
0,carol,0,1088
0,carros,0,1090
0,casa,0,1092
0,casa,0,1093
0,casa,0,1094
0,casa,0,1095
0,casa,0,1096
0,casa,0,1097
0,casa,0,1098
0,CASA,0,1099
0,casa,0,1100
0,casa,0,1101
0,casa,0,1102
0,casa,0,1103
0,casa,0,1104
0,casa,0,1105
0,casa,0,1106
0,casa,0,1107
0,casa,0,1108
0,casa,0,1109
0,casa,0,1110
0,casa,0,1111
0,casa,0,1112
0,casa,0,1113
0,casa,0,1114
0,casa,0,1115
0,casa,0,1116
0,casa,0,1117
0,casa,0,1118
0,casa,0,1119
0,casa,0,1120
0,casa,0,1121
0,casa,0,1122
0,catalina cortazar,0,1134
0,catalina cortazar,0,1135
0,catalina torres,0,1139
0,catalina,0,1140
0,catalina,0,1141
0,catalina,0,1142
0,catalina,0,1143
0,catisis,0,1149
0,cat,0,1150
0,cauanne,0,1153
0,cayendo  y corriendo es estupido,0,1156
0,ccaa,0,1158
0,cccccc,0,1159
0,cclaire,0,1160
0,celeste,0,1164
0,cendoyya,0,1166
0,cendoyya,0,1167
0,cerro,0,1168
0,cerveza,0,1170
0,ch aranguiz,0,1173
0,chacana,0,1174
0,chambonea,0,1175
0,champiñon,0,1176
0,chancha culia,0,1177
0,chanchoman,0,1179
0,chao me voy,0,1180
0,chao ojala no fracases nunca,0,1181
0,chaooooo,0,1182
0,chatran,0,1193
0,chicharron,0,1199
0,China,0,1233
0,chmeee,0,1236
0,chocolate,0,1237
0,chocolate,0,1238
0,chorito,0,1241
0,christian montes,0,1246
0,christian quiroga,0,1250
0,Christiane Chagas Pereira,0,1252
0,christian,0,1253
0,chuki,0,1255
0,chuni,0,1256
0,chupalo,0,1258
0,chupalo,0,1259
0,chupalp,0,1262
0,chupe,0,1263
0,cielo,0,1264
0,cietificos,0,1267
0,circo,0,1272
0,circulos,0,1273
0,claro,0,1274
0,clasico universitario,0,1275
0,claudia jimenez valeo,0,1277
0,claudia jimenez valero,0,1278
0,claudia,0,1280
0,claudia,0,1281
0,claudia,0,1282
0,claudina,0,1286
0,claudio bergamin,0,1287
0,Claudio,0,1288
0,claudio,0,1289
0,clau,0,1290
0,CNI,0,1299
0,coati,0,1301
0,coati,0,1302
0,cobre,0,1303
0,cochayuyo,0,1304
0,cocina,0,1305
0,coco,0,1307
0,coco,0,1308
0,codo,0,1309
0,colegio madre ana eugenia,0,1321
0,colegio,0,1322
0,colo colo san luis,0,1325
0,colomba,0,1328
0,colon,0,1333
0,COLOR,0,1334
0,coma,0,1335
0,come guaguas,0,1336
0,cometa,0,1337
0,comida,0,1339
0,comida,0,1340
0,comida,0,1341
0,comida,0,1342
0,comida,0,1343
0,como    se ase un auto,0,1344
0,como agrandar el pene,0,1345
0,como es el  planeta,0,1346
0,como hacer un robot,0,1349
0,como me gano el  kino ahora,0,1351
0,como se debe fumar  el canabis sativa,0,1353
0,como son las moster gih,0,1356
0,como son los oyos negros,0,1357
0,como te llamas,0,1358
0,computador,0,1361
0,computador,0,1362
0,comunicacion efectiva,0,1363
0,comunistas,0,1367
0,concepcion cata,0,1368
0,concepcion,0,1369
0,concepcion,0,1370
0,conocimiento,0,1390
0,constanza,0,1395
0,constanza,0,1396
0,CONSTELACIONES FAMILIARES,0,1397
0,CONSTELACIONES FAMILIARES,0,1398
0,cony dacardill,0,1402
0,cookie monster,0,1403
0,copi,0,1405
0,coracion,0,1408
0,corazon,0,1410
0,corazon,0,1411
0,corazon,0,1412
0,corgi puppy,0,1414
0,cosmos,0,1419
0,cristian andres diaz acevedo,0,1430
0,cristian jarry,0,1432
0,cristian rios,0,1436
0,cristian,0,1439
0,CRISTIAN,0,1440
0,cristina del carmen villarroel poblete,0,1441
0,cristina,0,1442
0,cristobal,0,1445
0,Cristobal,0,1446
0,cristobal,0,1447
0,cromosoma,0,1449
0,cthulhu,0,1451
0,ctm,0,1452
0,cual  es el mejor equipo de futbol chileno,0,1456
0,cual es el significado de la vida,0,1457
0,cual es la fx de la analogia tautologica,0,1458
0,cuando se acaba el mundo,0,1461
0,cuantos habitantes tiene saniago de chile,0,1463
0,cucaracha,0,1466
0,cultura,0,1470
0,cundo,0,1471
0,cusco,0,1473
0,c,0,1476
0,c,0,1477
0,c,0,1478
0,dado,0,1481
0,dafddd,0,1482
0,dali,0,1487
0,damian gelerstein,0,1490
0,damian,0,1492
0,danae,0,1493
0,dani te amo,0,1494
0,DANIEL RODRIGUEZ REYNA,0,1496
0,daniela assael,0,1498
0,daniela millar aros,0,1502
0,daniela millar,0,1503
0,DANIELA,0,1504
0,daniela,0,1505
0,daniela,0,1507
0,daniela,0,1508
0,DANIEL,0,1515
0,dani,0,1519
0,danulo,0,1521
0,danza,0,1522
0,danza,0,1523
0,darinka,0,1524
0,dave matthews band,0,1528
0,david assael,0,1529
0,david mirra,0,1530
0,davidarboleda,0,1531
0,david,0,1532
0,de onde usted habla,0,1535
0,de que color es el  caballo blanco de napoleon,0,1536
0,de que se trata el museo bellas artes,0,1537
0,deadpool,0,1538
0,death note,0,1540
0,dedos,0,1542
0,deferencia,0,1544
0,democracia vigilada,0,1549
0,democracia,0,1550
0,democracia,0,1551
0,demonio,0,1552
0,derrotabilidad de la norma,0,1554
0,desesperacion,0,1558
0,desigualdad,0,1559
0,deskontrol,0,1560
0,desquiciados,0,1561
0,diabetis,0,1564
0,diana reyes,0,1567
0,Diana,0,1568
0,diario de vida,0,1569
0,diego duran,0,1577
0,diego,0,1583
0,Diego,0,1584
0,diego,0,1585
0,diego,0,1586
0,diego,0,1587
0,digo hej,0,1589
0,dinosaurios,0,1592
0,dinosaurio,0,1593
0,dinosaurio,0,1594
0,dios esta muerto,0,1596
0,dios,0,1597
0,dios,0,1598
0,dios,0,1599
0,dios,0,1600
0,dios,0,1601
0,dios,0,1602
0,dios,0,1603
0,dios,0,1606
0,dios,0,1607
0,dios,0,1608
0,dios,0,1609
0,dios,0,1610
0,Dios,0,1611
0,Dios,0,1612
0,DIOS,0,1613
0,Dios,0,1614
0,discoteq,0,1615
0,djwi,0,1620
0,doctoe who,0,1623
0,doctor loco,0,1624
0,doctor who,0,1625
0,doctora liliana berrocal,0,1626
0,dog,0,1627
0,domingo leon,0,1630
0,domy,0,1632
0,donde esta colombia,0,1636
0,donde esta el ba,0,1637
0,donde estoy,0,1639
0,DPGG  GOOGLE,0,1643
0,dragon ball z,0,1644
0,droga,0,1646
0,dsfdsg,0,1647
0,dudongo,0,1651
0,dulce,0,1653
0,duoc sede alameda,0,1655
0,dwyane wade,0,1657
0,d,0,1658
0,d,0,1659
0,eandro roma,0,1660
0,ecuador,0,1661
0,edder,0,1662
0,eduardo barrueto,0,1665
0,eduardo barruoeto benavides,0,1666
0,eduardo morales puebla,0,1667
0,eduardo morales,0,1668
0,eduardo pimentel,0,1670
0,eduardo,0,1671
0,eduardo,0,1672
0,eduardo,0,1673
0,eklcn,0,1675
0,el  javier y el peni se comen los trasero,0,1676
0,el abismo,0,1677
0,el amor,0,1678
0,el bano,0,1679
0,el basti,0,1680
0,el feo,0,1683
0,el fin del mundo,0,1684
0,el gato la virgen y el diablo,0,1685
0,el lucho,0,1686
0,el mossad,0,1687
0,el mossa,0,1688
0,el pancho se la podra con la scarlet,0,1690
0,el pueblo unido jamas sera vencido,0,1691
0,el rodrigo es gay,0,1694
0,el secreto de la felicidad,0,1697
0,el sol en la noche,0,1698
0,El tercer secreto de Fatima,0,1699
0,el toledo es terrible maricon y negroo,0,1701
0,el toridio esta gordo,0,1702
0,el willi podra con la geraldine,0,1703
0,elefante,0,1706
0,elisa,0,1711
0,ELIZARDO,0,1713
0,emilia,0,1721
0,emparedado,0,1724
0,en que eres un compuitador y los computadores siempren tienen la raon,0,1726
0,energia,0,1730
0,energia,0,1731
0,enrique rivera,0,1735
0,enzo,0,1739
0,ep crew,0,1740
0,eric,0,1744
0,escalada,0,1750
0,escorpion cristian montes,0,1752
0,escorpion,0,1754
0,escriber,0,1757
0,escribe,0,1758
0,escribe,0,1759
0,escrive un palindromo,0,1764
0,ESCUELA,0,1767
0,esmerilemelo,0,1769
0,espacio,0,1770
0,espacio,0,1771
0,espacio,0,1772
0,esperanza,0,1775
0,espiral,0,1776
0,estebana,0,1783
0,esteban,0,1784
0,esteban,0,1785
0,esteban,0,1786
0,estefanie,0,1787
0,estelaa,0,1788
0,estupidas computadoras,0,1797
0,estupido internet,0,1798
0,eugenio,0,1801
0,eumycota,0,1802
0,evelyn,0,1806
0,evelyn matthei,0,1810
0,evelyn,0,1812
0,evelyn,0,1813
0,evelyn,0,1814
0,evelyn,0,1815
0,exposicion,0,1822
0,ex,0,1824
0,fabian cortes,0,1831
0,fabiana,0,1832
0,fabian,0,1833
0,fabian,0,1834
0,faca,0,1836
0,facil,0,1841
0,familia,0,1843
0,familia,0,1844
0,familia,0,1845
0,familia,0,1846
0,Fanny,0,1851
0,fanny,0,1852
0,fanny,0,1853
0,fansipans,0,1854
0,fansub,0,1855
0,fantasia,0,1856
0,fantasma,0,1857
0,farándula,0,1859
0,fauvismo,0,1862
0,fddf,0,1865
0,fea,0,1870
0,fea,0,1871
0,felicidade,0,1879
0,felipe andres gonzalez lillo,0,1884
0,felipe camiroaga,0,1885
0,felipe camiroaga,0,1886
0,felipe hernandez mardones,0,1887
0,felipe,0,1888
0,felipe,0,1889
0,felipe,0,1890
0,felipe,0,1891
0,felix bozo,0,1893
0,feliz,0,1894
0,feminismo,0,1898
0,fernanda albornos,0,1901
0,fernanda lopez tapia,0,1903
0,fernanda,0,1904
0,fe,0,1911
0,ff,0,1912
0,fffff,0,1913
0,fffff,0,1914
0,ffg,0,1916
0,fgdeg,0,1918
0,fgfgf,0,1920
0,fggf,0,1921
0,fghgf,0,1922
0,FGHJH,0,1923
0,Filosofia,0,1933
0,filosofia,0,1934
0,FIN DEL MUNDO,0,1935
0,flamingo,0,1938
0,fleur de lotus,0,1939
0,fliman,0,1940
0,florencia pinochet,0,1941
0,flores,0,1942
0,FLORITO,0,1943
0,flori,0,1944
0,flor,0,1946
0,flor,0,1947
0,flor,0,1950
0,flor,0,1951
0,fotografia,0,1959
0,fotografia,0,1960
0,fotografia,0,1961
0,foto,0,1963
0,fran aranda,0,1966
0,francisca camila duque flores pudahuel,0,1971
0,francisca de la o,0,1972
0,francisco bravo,0,1975
0,francisco esteban soto martinez,0,1976
0,francisco javier perez garcia,0,1978
0,francisco soto,0,1980
0,francisco,0,1981
0,francisco,0,1982
0,francisco,0,1983
0,FRANCO VALENCIA ROIG,0,1984
0,franco,0,1985
0,FRANCO,0,1986
0,franfer,0,1988
0,frau,0,1991
0,freihaslach,0,1997
0,frida,0,1998
0,frol,0,2000
0,frutilla,0,2001
0,fuego,0,2003
0,fuego,0,2004
0,funciona el museo para la bienal,0,2006
0,futbol,0,2008
0,futbol,0,2009
0,futbol,0,2010
0,futbol,0,2011
0,futuro,0,2014
0,f,0,2016
0,f,0,2017
0,f,0,2018
0,gabi,0,2021
0,gabriel zorrilla,0,2022
0,gabriela,0,2026
0,gabriel,0,2028
0,gacela,0,2029
0,galaxia,0,2034
0,galaxia,0,2035
0,gala,0,2036
0,galeria,0,2038
0,galpon 9,0,2039
0,gastronomia,0,2046
0,gas,0,2047
0,gatitos,0,2048
0,gatitox,0,2049
0,gatito,0,2050
0,gatito,0,2051
0,gato cosmico,0,2055
0,gatos negros,0,2057
0,gato,0,2070
0,gato,0,2071
0,gato,0,2072
0,gato,0,2073
0,gato,0,2074
0,gato,0,2075
0,gato,0,2077
0,gato,0,2078
0,gato,0,2079
0,gato,0,2080
0,gato,0,2081
0,gato,0,2082
0,gato,0,2083
0,gato,0,2084
0,gato,0,2085
0,gato,0,2086
0,gato,0,2087
0,gato,0,2088
0,gato,0,2089
0,gato,0,2090
0,gato,0,2091
0,gato,0,2093
0,gato,0,2094
0,gato,0,2095
0,GATO,0,2096
0,gato,0,2097
0,gato,0,2100
0,gato,0,2101
0,GATO,0,2102
0,GATO,0,2103
0,gato,0,2104
0,GATO,0,2105
0,GATO,0,2106
0,gato,0,2107
0,gato,0,2108
0,gato,0,2110
0,gato,0,2113
0,gaviota,0,2114
0,gay,0,2115
0,gay,0,2116
0,gay,0,2117
0,ga,0,2118
0,gdfgfh,0,2120
0,gelatinoso,0,2121
0,genoveva,0,2124
0,geometria sagrada,0,2127
0,george bush,0,2128
0,gerard,0,2134
0,german,0,2135
0,gfgv,0,2138
0,gggggg,0,2141
0,ggg,0,2142
0,ghfjhf,0,2150
0,GHGFJ,0,2151
0,ghghgh,0,2153
0,ghjg,0,2155
0,ghngb,0,2157
0,gil,0,2160
0,gobierno,0,2166
0,gonzalo,0,2173
0,GORDA,0,2192
0,gore,0,2193
0,go,0,2195
0,gracias,0,2196
0,greice,0,2200
0,grind,0,2201
0,grin,0,2202
0,groso,0,2203
0,guantanamo rap,0,2207
0,guantanamorecords,0,2208
0,guapulo,0,2209
0,gueon,0,2212
0,Guilherme Braga  Rodrigues,0,2218
0,Guilherme Braga Dos Santos  Rodrigues,0,2219
0,Guilherme Braga,0,2220
0,guilherme,0,2222
0,guillermo,0,2224
0,guiselle llanten,0,2225
0,gundam,0,2227
0,gustavo,0,2228
0,gustavo,0,2229
0,gyk,0,2230
0,g,0,2232
0,h,0,2237
0,había una vez un bosque,0,2239
0,HABBA BABBA,0,2242
0,haga lo que haga me gusta estar contigo,0,2243
0,hallo,0,2246
0,halowin,0,2247
0,handball,0,2250
0,happy,0,2253
0,Harvard,0,2257
0,heather,0,2259
0,hector,0,2264
0,hector,0,2265
0,hector,0,2266
0,helado,0,2269
0,heloisa ramos,0,2276
0,hercios,0,2280
0,herniado como muchos o   todos,0,2282
0,hey am talk with you,0,2285
0,hfdg,0,2287
0,hfdh,0,2288
0,hghgg,0,2292
0,hghghghg,0,2293
0,hhahah,0,2296
0,hhhhh,0,2298
0,HHH,0,2301
0,hh,0,2303
0,hh,0,2307
0,hipster,0,2315
0,hipster,0,2316
0,hipster,0,2317
0,historia,0,2320
0,hi,0,2321
0,hla,0,2327
0,hnnh,0,2329
0,HOALA,0,2330
0,hoal,0,2331
0,hoa,0,2332
0,hoa,0,2333
0,hogar,0,2334
0,hoj a,0,2336
0,hojas,0,2337
0,hola     welcome,0,2338
0,Hola  k ase,0,2339
0,hola amigos,0,2341
0,hola come caca,0,2344
0,hola como estan los computadores,0,2345
0,hola como estas,0,2347
0,hola fran como estay,0,2349
0,hola perkin,0,2354
0,hola q ase,0,2355
0,hola soy yo,0,2357
0,hola soy yo,0,2358
0,hola,0,2361
0,hola,0,2363
0,holaaaa,0,2367
0,holaaa,0,2368
0,holaaa,0,2369
0,HolaCual es su nombre,0,2371
0,holandesa,0,2372
0,holaque significa esta instalacion,0,2373
0,holas,0,2374
0,holax,0,2375
0,holaxxxx,0,2376
0,hola,0,2377
0,hola,0,2382
0,hola,0,2383
0,hola,0,2384
0,hola,0,2387
0,hola,0,2389
0,hola,0,2390
0,hola,0,2391
0,hola,0,2395
0,hola,0,2398
0,hola,0,2399
0,hola,0,2403
0,hola,0,2404
0,hola,0,2405
0,hola,0,2407
0,hola,0,2420
0,hola,0,2426
0,hola,0,2428
0,hola,0,2429
0,hola,0,2430
0,hola,0,2434
0,HOLA,0,2435
0,hola,0,2436
0,hola,0,2437
0,hola,0,2438
0,hola,0,2441
0,hola,0,2442
0,HOLA,0,2445
0,hola,0,2450
0,hola,0,2451
0,hola,0,2452
0,hola,0,2453
0,hola,0,2458
0,hola,0,2460
0,hola,0,2462
0,hola,0,2467
0,hola,0,2471
0,hola,0,2472
0,hola,0,2474
0,hola,0,2478
0,hola,0,2481
0,hola,0,2483
0,hola,0,2485
0,hola,0,2487
0,hola,0,2493
0,hola,0,2494
0,hola,0,2495
0,hola,0,2496
0,hola,0,2497
0,hola,0,2500
0,hola,0,2505
0,hola,0,2508
0,hola,0,2511
0,hola,0,2513
0,hola,0,2527
0,Hola,0,2529
0,hola,0,2533
0,hola,0,2537
0,hola,0,2539
0,hola,0,2542
0,hola,0,2544
0,hola,0,2545
0,hola,0,2547
0,hola,0,2554
0,hola,0,2555
0,hola,0,2557
0,hola,0,2558
0,hola,0,2559
0,hola,0,2561
0,hola,0,2563
0,hola,0,2565
0,hola,0,2566
0,Hola,0,2568
0,hola,0,2569
0,hola,0,2571
0,hola,0,2572
0,Hola,0,2574
0,hola,0,2577
0,hola,0,2582
0,hola,0,2584
0,HOLA,0,2586
0,hola,0,2587
0,HOLA,0,2589
0,hola,0,2593
0,hola,0,2594
0,hola,0,2595
0,hola,0,2598
0,hola,0,2599
0,hola,0,2602
0,hola,0,2605
0,hola,0,2606
0,HOLA,0,2608
0,HOLA,0,2609
0,HOLA,0,2610
0,HOLA,0,2612
0,hola,0,2613
0,hola,0,2614
0,hola,0,2615
0,Hola,0,2616
0,hola,0,2618
0,hola,0,2619
0,hola,0,2624
0,hola,0,2625
0,holis,0,2663
0,HOLIWI,0,2664
0,holi,0,2668
0,holla,0,2673
0,holsa,0,2675
0,homosexualidad,0,2684
0,hongito,0,2685
0,hongos         de  diferetes   formas,0,2686
0,hongos,0,2687
0,hongos,0,2688
0,hongos,0,2689
0,hoonigan,0,2691
0,horacio,0,2693
0,hormigon celular,0,2696
0,how are you doing,0,2697
0,how do you know that this algoritm is  righ,0,2698
0,hoy en día,0,2699
0,hoy te quiero mas que ayer pero menos que mañana,0,2700
0,hoy,0,2701
0,hoy,0,2703
0,htdgf,0,2704
0,huberman,0,2706
0,huehuehuehuehue,0,2707
0,hue,0,2712
0,huillishe,0,2715
0,humano,0,2717
0,humano,0,2718
0,H,0,2721
0,h,0,2722
0,h,0,2723
0,h,0,2724
0,h,0,2725
0,h,0,2726
0,h,0,2727
0,h,0,2728
0,h,0,2729
0,h,0,2730
0,idamia del carmen rojas rocha,0,2731
0,ideas de innovacion,0,2732
0,ignacio duarte,0,2738
0,iguana,0,2742
0,ihintza eta itsaso,0,2743
0,ilustración,0,2747
0,Im a banana,0,2748
0,imagine dragons,0,2753
0,inconstitucionalicimamente,0,2756
0,ingenieria,0,2767
0,Ingress,0,2771
0,inicio del universo,0,2772
0,integral de x elevado a 2,0,2774
0,inteligencia artificial,0,2775
0,internet,0,2779
0,internet,0,2780
0,internet,0,2781
0,irak,0,2785
0,is rather cold,0,2788
0,isalola,0,2790
0,isidora rubio,0,2793
0,isidora senn,0,2794
0,isidora,0,2795
0,isidora,0,2796
0,isla de pascua,0,2798
0,isla negra,0,2799
0,islas  galapagos,0,2800
0,israel ignacio cantante popular,0,2802
0,israel ignacio cantante popular,0,2803
0,israel ignacio cantante popular,0,2804
0,israel ignacio,0,2805
0,ivan  ignacio rubio venegas,0,2806
0,ivan bam bam zamorano,0,2807
0,IVANA PIOLA,0,2808
0,ivan,0,2810
0,ivan,0,2811
0,ive,0,2812
0,ive,0,2813
0,ivisa,0,2814
0,i,0,2815
0,jabon,0,2818
0,jachainti,0,2819
0,jadethirwall,0,2823
0,jaime,0,2829
0,jaime,0,2830
0,Jairo Correro,0,2832
0,jajajajajaja,0,2834
0,jamaica,0,2838
0,james,0,2840
0,james,0,2841
0,jana,0,2846
0,javiera jose reyes saavedra,0,2856
0,javier,0,2870
0,javier,0,2871
0,javier,0,2872
0,javier,0,2873
0,jazz,0,2875
0,jeni y fran,0,2878
0,jesus,0,2894
0,jesus,0,2895
0,jesus,0,2896
0,jesus,0,2897
0,jesus,0,2898
0,jesus,0,2899
0,jfaid,0,2900
0,jhjhb,0,2903
0,jhjhjh,0,2904
0,jhjn,0,2905
0,jhj,0,2906
0,jhols,0,2910
0,jijiji,0,2912
0,jijiji,0,2913
0,jimena,0,2914
0,jimmy,0,2915
0,jjjj,0,2921
0,jj,0,2924
0,jkhkhj,0,2928
0,jno,0,2934
0,joao villarroel,0,2937
0,joaquin ananias,0,2938
0,Joaquin Andres  Fuentes Romero,0,2939
0,joaquin perez,0,2941
0,jocy,0,2943
0,jodiidos,0,2945
0,joeth,0,2947
0,john little,0,2949
0,john zamora,0,2950
0,johnny sins,0,2951
0,jol,0,2954
0,jonas,0,2956
0,jonatan,0,2957
0,jonatan,0,2958
0,jonathan,0,2959
0,jonnathan,0,2960
0,jony boca de caca,0,2961
0,jordan,0,2963
0,jorge felipe vargas diaz,0,2965
0,jorge felipe vargas diaz,0,2966
0,jorge gonzalez,0,2967
0,jorge mancilla,0,2968
0,jorge villegas diseñador,0,2970
0,jorge villegas,0,2971
0,jorge,0,2972
0,jorge,0,2973
0,jorge,0,2974
0,jose roberto de freio,0,2975
0,JOSEFA ASQUI,0,2977
0,josefina aguiluz,0,2978
0,josefina philippi,0,2979
0,josefina,0,2980
0,jose,0,2981
0,jose,0,2982
0,jose,0,2983
0,josquin de prez,0,2984
0,joy,0,2986
0,joy,0,2987
0,juan carlos,0,2989
0,juan gianelli,0,2990
0,juan josé,0,2992
0,juan jose,0,2993
0,juan jose,0,2994
0,JUAN PABLO,0,2996
0,juana,0,2997
0,juanito,0,2998
0,juanito,0,2999
0,juanito,0,3000
0,juanpablo mena,0,3001
0,juan,0,3002
0,juan,0,3003
0,juan,0,3004
0,juan,0,3005
0,juan,0,3006
0,juan,0,3007
0,juan,0,3008
0,juan,0,3009
0,juan,0,3010
0,juan,0,3011
0,juan,0,3012
0,judo,0,3013
0,julian de la huerta,0,3022
0,juliano arantes,0,3023
0,julieta la bella,0,3024
0,julieta,0,3025
0,julieta,0,3026
0,julieta,0,3027
0,juliette,0,3029
0,julio,0,3031
0,julio,0,3032
0,julio,0,3033
0,julio,0,3034
0,junior dos santos,0,3035
0,justicia,0,3037
0,justin bieber mallete,0,3038
0,justin bieber,0,3043
0,jvjf,0,3047
0,jzjzj,0,3049
0,j,0,3050
0,j,0,3051
0,j,0,3052
0,j,0,3053
0,j,0,3054
0,j,0,3055
0,j,0,3056
0,kalleja blues,0,3057
0,kamal,0,3058
0,Kamila,0,3059
0,karen,0,3062
0,karina,0,3063
0,karla,0,3069
0,karla,0,3070
0,karla,0,3071
0,katherina,0,3073
0,katherine            alejandra vargas valenzuela,0,3074
0,katherine,0,3076
0,katya,0,3079
0,kdiu,0,3082
0,keibo oiwa,0,3083
0,keibo,0,3086
0,kenita larrain,0,3091
0,kenita larrain,0,3092
0,kenita,0,3093
0,kenny,0,3094
0,kenny,0,3095
0,kidrauhl forever,0,3099
0,killia,0,3100
0,kilo,0,3101
0,king,0,3102
0,kizomba,0,3104
0,kjhgfds,0,3105
0,kjhkjhkjhkjhkjh,0,3107
0,kjkjkj,0,3109
0,kj,0,3112
0,kkk,0,3116
0,kope,0,3119
0,krinki,0,3122
0,kuala,0,3123
0,kundalini,0,3125
0,kuroinu,0,3127
0,kylie minogue,0,3130
0,la fena es pesa,0,3138
0,la guerra civil,0,3141
0,la nada,0,3144
0,la playa,0,3146
0,la raja,0,3148
0,LAAS,0,3151
0,lad cobra,0,3152
0,lady carolina alcayaga,0,3153
0,LALA SALINAS M,0,3155
0,lana del rey,0,3161
0,larry,0,3164
0,las computadoras no sirven jajajajja,0,3166
0,lasagna,0,3167
0,laura hoyos paez,0,3169
0,laura wielandt,0,3171
0,laura,0,3173
0,laura,0,3174
0,la,0,3176
0,leito star,0,3187
0,leitostar,0,3188
0,lenovo2013,0,3189
0,lentes,0,3190
0,leonado monsalve,0,3191
0,Leonardo Cendoyya,0,3192
0,leon,0,3196
0,leon,0,3197
0,leon,0,3198
0,levi,0,3200
0,leyla solorza silva,0,3201
0,leyla,0,3202
0,ley,0,3203
0,liberdade,0,3206
0,libertad,0,3207
0,libertad,0,3208
0,libertad,0,3209
0,libertad,0,3210
0,libro,0,3212
0,liliane,0,3217
0,lily,0,3219
0,lisa chambers,0,3223
0,lk,0,3226
0,llamemos a vtr,0,3228
0,ll,0,3231
0,ll,0,3232
0,lobo,0,3235
0,lobo,0,3236
0,lobo,0,3237
0,loca,0,3238
0,locos,0,3240
0,loco,0,3241
0,loco,0,3243
0,loco,0,3244
0,locura,0,3246
0,locura,0,3247
0,locura,0,3248
0,Loh peshoh,0,3250
0,loh pesho,0,3251
0,loli,0,3255
0,lol,0,3257
0,lol,0,3264
0,lol,0,3265
0,longa,0,3267
0,lord barsky,0,3272
0,lorena,0,3273
0,lorena,0,3274
0,lorena,0,3275
0,lorena,0,3276
0,lorenzo,0,3277
0,Loreto Jones,0,3278
0,loreto,0,3279
0,loro,0,3280
0,lou lefevre,0,3289
0,lou y samanta,0,3290
0,loveless,0,3291
0,love,0,3292
0,lucas,0,3295
0,Lucas,0,3296
0,lucca biondi,0,3297
0,lucha libre,0,3298
0,lucia del carmen suarez riquelme,0,3299
0,lugar,0,3305
0,Luis Alberto Rios Perez nunoa santiago chile,0,3306
0,luis augusto evangeslista correa,0,3307
0,luisa,0,3309
0,luis,0,3310
0,luis,0,3311
0,LUIS,0,3312
0,luis,0,3313
0,luis,0,3314
0,lumenes,0,3317
0,lupulo,0,3326
0,l,0,3332
0,l,0,3335
0,m cneccion es lenta,0,3339
0,maarten,0,3341
0,MACARENA AGUILO,0,3343
0,macarena,0,3344
0,macarena,0,3345
0,macarena,0,3346
0,maca,0,3348
0,madera,0,3351
0,madness,0,3352
0,mafafa,0,3354
0,magdalena,0,3356
0,Maia,0,3359
0,maicol,0,3360
0,majo arevalo,0,3363
0,makakonga,0,3364
0,mama,0,3370
0,mama,0,3371
0,mama,0,3373
0,mama,0,3374
0,mama,0,3375
0,mama,0,3376
0,mane,0,3380
0,manos,0,3383
0,mano,0,3384
0,mano,0,3385
0,manuel pradenas navarro,0,3387
0,manuel sajn,0,3388
0,manuel,0,3390
0,manuel,0,3391
0,manuel,0,3392
0,manuel,0,3393
0,manuschevich,0,3394
0,mapping,0,3396
0,mapu,0,3398
0,Mara salvatrucha,0,3399
0,maraca,0,3400
0,maraca,0,3401
0,maraca,0,3402
0,marcel barra,0,3403
0,marcel bison vallias,0,3404
0,Marcel Mancilla,0,3405
0,marcel vallias,0,3406
0,marcela,0,3408
0,marcela,0,3409
0,marcelo,0,3411
0,marcel,0,3412
0,marco,0,3414
0,margarita alarcon,0,3417
0,margarita,0,3419
0,maria fernanda,0,3423
0,maria jose,0,3426
0,maria jose,0,3427
0,marialoreto cerda,0,3429
0,mariana,0,3432
0,marianne carolina madrid solari,0,3433
0,maria,0,3435
0,maria,0,3436
0,maria,0,3437
0,maribel,0,3438
0,marihuana,0,3439
0,marihuana,0,3440
0,marihuana,0,3441
0,marihuana,0,3442
0,mario bros,0,3444
0,mario,0,3447
0,mariposa,0,3448
0,maritza,0,3450
0,marsel veserra,0,3451
0,martin sebastian rivera mendez,0,3454
0,martina stoessel,0,3455
0,martina,0,3456
0,martina,0,3457
0,MARY,0,3463
0,mar,0,3464
0,mar,0,3465
0,mar,0,3466
0,mar,0,3467
0,mar,0,3468
0,mar,0,3469
0,mar,0,3470
0,masacre,0,3473
0,mascara,0,3474
0,masoneria,0,3475
0,massiel,0,3476
0,massie,0,3477
0,masturbacion,0,3478
0,matias,0,3488
0,matias,0,3489
0,matias,0,3490
0,matias,0,3491
0,matias,0,3492
0,matias,0,3493
0,matias,0,3494
0,matilda,0,3495
0,mato,0,3496
0,matrix,0,3498
0,matrix,0,3499
0,matrix,0,3500
0,matropolis,0,3501
0,maullido,0,3505
0,mauricio,0,3507
0,mauri,0,3508
0,mauri,0,3509
0,Mauro de Oliveira brasil,0,3511
0,maximiliano,0,3514
0,mayi,0,3517
0,me  haces muy feliz,0,3521
0,me caen mal busquen ni nombre,0,3522
0,me encantas demasiado,0,3524
0,me gusta que seas mi pololo,0,3526
0,me llamo jesu,0,3528
0,mentirosos algoritmos,0,3543
0,merisma,0,3548
0,merobolosdiscos,0,3550
0,mesa,0,3552
0,mesa,0,3553
0,metafisica,0,3558
0,metafora,0,3559
0,metallica,0,3560
0,metro,0,3562
0,metro,0,3563
0,mi ex me cago,0,3569
0,Miami,0,3572
0,Micaela,0,3574
0,mickey mouse,0,3588
0,micro,0,3589
0,miedo,0,3590
0,mierda,0,3594
0,mierda,0,3596
0,MIERDA,0,3598
0,mierda,0,3599
0,miguel,0,3601
0,milenko,0,3605
0,miles de litros,0,3606
0,miley cyrus,0,3607
0,militar,0,3609
0,millones de amigos,0,3610
0,minimalismo,0,3620
0,miriam,0,3629
0,mirta,0,3630
0,mml,0,3639
0,mm,0,3641
0,mm,0,3642
0,moda,0,3643
0,moe,0,3645
0,moiver ocayo,0,3646
0,moiver,0,3648
0,mona lisa,0,3650
0,moneda,0,3651
0,monica,0,3652
0,monster high,0,3657
0,montaña,0,3658
0,moreno,0,3662
0,morisquet,0,3663
0,motor de  busqueda,0,3664
0,ms,0,3666
0,muceo,0,3667
0,muebles blancos,0,3668
0,muerte de todos,0,3669
0,muerte vida,0,3670
0,muerte,0,3674
0,muerte,0,3676
0,muerte,0,3677
0,muerte,0,3679
0,muerte,0,3680
0,muita luz muita paz,0,3681
0,mujer,0,3682
0,mujer,0,3683
0,mundo,0,3685
0,museo bellas artes,0,3689
0,museo bellas artes,0,3690
0,museo de  bellas artes,0,3691
0,museo de bellas artes,0,3692
0,museo,0,3693
0,museos,0,3694
0,museo,0,3695
0,museo,0,3696
0,museo,0,3697
0,museo,0,3698
0,museo,0,3699
0,museo,0,3700
0,museo,0,3701
0,museo,0,3702
0,museo,0,3703
0,museo,0,3704
0,my little pony,0,3720
0,myriammeza,0,3721
0,m,0,3722
0,m,0,3726
0,m,0,3727
0,nala,0,3738
0,nao sei,0,3739
0,naomi,0,3741
0,nao,0,3742
0,nao,0,3743
0,natalia eguren,0,3752
0,natalia letelier,0,3753
0,natalia,0,3754
0,natalia,0,3755
0,natalia,0,3756
0,natalia,0,3757
0,natalia,0,3758
0,natalia,0,3760
0,naves espaciales,0,3766
0,nazi,0,3767
0,negro feo,0,3771
0,negro,0,3772
0,Negro,0,3773
0,nelson,0,3775
0,NEPE,0,3776
0,nhouy,0,3778
0,niall horan,0,3779
0,nicolas coliqueo,0,3787
0,nicolas coliqueo,0,3788
0,nicolas coliqueo,0,3789
0,nicolas medina,0,3792
0,nicolas pradenas,0,3794
0,nicolas sebastian moraga castro,0,3795
0,nicolas,0,3796
0,nicolas,0,3797
0,nicolas,0,3798
0,nicola,0,3799
0,nicole carvajal,0,3800
0,nicole,0,3802
0,nicole,0,3803
0,nicole,0,3804
0,nietzsche,0,3806
0,nina,0,3809
0,nina,0,3810
0,nino que llora,0,3812
0,nn,0,3816
0,no      tengo internet,0,3817
0,no aei,0,3818
0,no entiendo nada,0,3819
0,no quiero fotos,0,3824
0,no se,0,3827
0,no tengo internet,0,3828
0,no tengo internet,0,3830
0,no tengo internet,0,3831
0,no tengo internet,0,3832
0,no tengo internet,0,3833
0,no tengo internet,0,3841
0,No tengo internet,0,3842
0,no tengo internet,0,3843
0,no tengo internet,0,3846
0,no yo soy luz jaja,0,3849
0,noche,0,3850
0,normal,0,3855
0,NOTICIAS,0,3856
0,no,0,3861
0,NO,0,3862
0,no,0,3863
0,no,0,3864
0,no,0,3865
0,no,0,3866
0,no,0,3869
0,no,0,3870
0,no,0,3871
0,NO,0,3872
0,nsa,0,3875
0,NUBE,0,3877
0,nube,0,3878
0,nuclear zen I  keibo oiwa,0,3879
0,nuclear,0,3880
0,nuco,0,3881
0,nuevos medios,0,3883
0,nuevos medios,0,3884
0,nuke,0,3885
0,numero,0,3886
0,nunca jamás,0,3887
0,nxnxn,0,3889
0,n,0,3890
0,o que é mais rapido e a diarréia quando vamos pensar acontece,0,3891
0,o que e mais rápido,0,3892
0,o que e mais rapido que o pensamento,0,3893
0,o que,0,3894
0,obama,0,3895
0,obesidad,0,3896
0,obituario,0,3897
0,oi sou do brazil,0,3905
0,Ola k ase,0,3920
0,ola k ase,0,3921
0,ola k ase,0,3922
0,ola k ase,0,3923
0,ola k ase,0,3924
0,ola ke ase,0,3926
0,olas,0,3927
0,olas,0,3928
0,olas,0,3929
0,olaya baeza,0,3930
0,ola,0,3931
0,ola,0,3932
0,ola,0,3933
0,ola,0,3934
0,ola,0,3936
0,ola,0,3937
0,ola,0,3938
0,ola,0,3939
0,ola,0,3940
0,oli,0,3943
0,oli,0,3944
0,oli,0,3947
0,ombu,0,3951
0,one direction gaya,0,3952
0,one direction,0,3953
0,one direction,0,3954
0,one direction,0,3955
0,oooo,0,3956
0,OPORTUNIDAD,0,3958
0,ornella,0,3962
0,ornito rinco,0,3963
0,ornitorrinco,0,3964
0,ortodoncia,0,3965
0,os meus pelos do rabo,0,3966
0,osama,0,3967
0,oscarete,0,3970
0,osvaldo,0,3973
0,oswald,0,3974
0,oswald,0,3975
0,o,0,3979
0,pablo campos,0,3982
0,pablo rumel,0,3990
0,pablo,0,3991
0,Pablo,0,3992
0,pablo,0,3993
0,Pablo,0,3994
0,pablo,0,3995
0,pablo,0,3996
0,pablo,0,3997
0,paco espinola,0,3998
0,pais,0,4000
0,pais,0,4001
0,palacio,0,4003
0,paloma deja de molestar jajjajjaja,0,4004
0,paloma,0,4006
0,paloma,0,4007
0,palo,0,4008
0,pamela ximena gomez moya,0,4010
0,pamela,0,4011
0,pamela,0,4012
0,pamplona,0,4013
0,pan con queso,0,4014
0,pancho,0,4015
0,pancho,0,4016
0,paola,0,4021
0,papas,0,4022
0,papas,0,4023
0,papas,0,4024
0,papa,0,4026
0,papa,0,4027
0,papa,0,4028
0,para buscar,0,4029
0,para buscar,0,4030
0,para buscar,0,4031
0,paracoccidioidomicosisprotitissarcomucosis,0,4032
0,para,0,4039
0,paredes,0,4041
0,parisi,0,4042
0,paris,0,4044
0,pasion,0,4047
0,patapata,0,4049
0,pato pozo,0,4051
0,patricio farias es un pelado,0,4055
0,patricio farias es un pelado,0,4056
0,patricio,0,4058
0,paty lopez,0,4059
0,paula,0,4066
0,paula,0,4068
0,paula,0,4069
0,paula,0,4070
0,paulina,0,4072
0,paulina,0,4073
0,paulina,0,4074
0,paulo duarte,0,4075
0,paulo,0,4076
0,paulo,0,4077
0,paul,0,4078
0,paz,0,4081
0,paz,0,4082
0,paz,0,4083
0,paz,0,4084
0,paz,0,4085
0,paz,0,4086
0,paz,0,4087
0,paz,0,4088
0,pease,0,4093
0,pechugas,0,4094
0,pedos,0,4095
0,pedro pain,0,4098
0,pelao de temuco,0,4100
0,pelota,0,4101
0,pene 1313,0,4105
0,pene con sangre,0,4106
0,pene de burro,0,4107
0,pene,0,4110
0,pene,0,4111
0,pene,0,4112
0,pene,0,4113
0,pene,0,4114
0,pene,0,4115
0,pene,0,4116
0,pene,0,4117
0,pene,0,4118
0,pene,0,4119
0,pene,0,4120
0,pene,0,4121
0,pene,0,4122
0,pene,0,4123
0,pene,0,4124
0,pene,0,4125
0,pene,0,4126
0,pene,0,4127
0,pene,0,4128
0,pene,0,4129
0,pene,0,4130
0,pene,0,4131
0,PENE,0,4132
0,pene,0,4133
0,Pene,0,4134
0,peo,0,4136
0,peo,0,4137
0,peo,0,4138
0,pero estoy aqui tambien,0,4141
0,peroo,0,4142
0,perras,0,4145
0,perra,0,4146
0,perrito,0,4148
0,Perros callejeros,0,4149
0,perro,0,4152
0,PERRO,0,4154
0,perro,0,4155
0,perro,0,4156
0,perro,0,4157
0,perro,0,4159
0,perro,0,4161
0,perro,0,4163
0,perro,0,4164
0,perro,0,4166
0,perro,0,4167
0,perro,0,4168
0,perro,0,4169
0,perro,0,4170
0,perro,0,4171
0,perro,0,4173
0,perro,0,4175
0,perro,0,4176
0,perro,0,4177
0,perrro,0,4178
0,peter hoock,0,4187
0,phone,0,4191
0,piñera,0,4194
0,piñera,0,4195
0,pia,0,4197
0,pico ctm,0,4201
0,pico pal rene,0,4203
0,pico,0,4205
0,pico,0,4206
0,pico,0,4207
0,PICO,0,4208
0,pico,0,4209
0,pico,0,4210
0,pierre,0,4211
0,pilar,0,4215
0,pinkn gyh,0,4219
0,pinochet historia de chile,0,4220
0,pinochet,0,4221
0,Pion,0,4227
0,PISCO,0,4230
0,planeta,0,4236
0,plasticina,0,4240
0,playa,0,4242
0,plaza,0,4244
0,please no more,0,4245
0,podemos comer algo,0,4248
0,poder,0,4249
0,PODER,0,4250
0,pogo,0,4252
0,poli,0,4255
0,pollo,0,4259
0,pony,0,4263
0,poop,0,4264
0,pop art,0,4265
0,poporque hablan,0,4267
0,poronga te amo cata,0,4269
0,porotos con riendas,0,4270
0,portavoz,0,4273
0,potot,0,4275
0,poto,0,4276
0,poto,0,4277
0,poto,0,4278
0,poto,0,4279
0,poto,0,4280
0,poto,0,4281
0,POTO,0,4282
0,POTO,0,4283
0,poto,0,4284
0,poto,0,4285
0,poto,0,4286
0,poto,0,4287
0,povo,0,4289
0,po,0,4290
0,presidente,0,4291
0,presley,0,4292
0,priscila,0,4293
0,prisila barria,0,4295
0,privyet,0,4296
0,Prof Dr Schimpfle,0,4299
0,profundidad del ser,0,4300
0,progeria,0,4301
0,promenade,0,4302
0,pronunciamiento militar,0,4303
0,PROPIEDAD PRIVADA,0,4304
0,Prueba diferentes palabras clave,0,4306
0,Prueba diferentes palabras clave,0,4307
0,Prueba diferentes palabras clave,0,4308
0,Prueba diferentes palabras clave,0,4310
0,Prueba diferentes palabras clave,0,4311
0,Prueba diferentes palabras clave,0,4312
0,Prueba diferentes palabras clave,0,4313
0,Prueba diferentes palabras clave,0,4314
0,Prueba diferentes palabras clave,0,4315
0,Prueba diferentes palabras clave,0,4316
0,Prueba diferentes palabras clave,0,4317
0,Prueba diferentes palabras clave,0,4318
0,Prueba diferentes palabras clave,0,4319
0,Prueba diferentes palabras clave,0,4320
0,Prueba diferentes palabras clave,0,4321
0,Prueba diferentes palabras clave,0,4322
0,Prueba diferentes palabras clave,0,4323
0,Prueba diferentes palabras clave,0,4324
0,Prueba diferentes palabras clave,0,4325
0,Prueba diferentes palabras clave,0,4326
0,Prueba diferentes palabras clave,0,4327
0,Prueba diferentes palabras clave,0,4328
0,Prueba diferentes palabras clave,0,4329
0,Prueba diferentes palabras clave,0,4330
0,Prueba diferentes palabras clave,0,4332
0,Prueba diferentes palabras clave,0,4333
0,Prueba diferentes palabras clave,0,4334
0,Prueba diferentes palabras clave,0,4335
0,Prueba diferentes palabras clave,0,4336
0,Prueba diferentes palabras clave,0,4337
0,Prueba diferentes palabras clave,0,4338
0,Prueba diferentes palabras clave,0,4339
0,Prueba diferentes palabras clave,0,4340
0,Prueba diferentes palabras clave,0,4341
0,Prueba diferentes palabras clave,0,4342
0,Prueba diferentes palabras clave,0,4343
0,Prueba diferentes palabras clave,0,4344
0,Prueba diferentes palabras clave,0,4345
0,Prueba diferentes palabras clave,0,4346
0,Prueba diferentes palabras clave,0,4347
0,Prueba diferentes palabras clave,0,4348
0,Prueba diferentes palabras clave,0,4349
0,Prueba diferentes palabras clave,0,4350
0,Prueba diferentes palabras clave,0,4351
0,Prueba diferentes palabras clave,0,4352
0,Prueba diferentes palabras clave,0,4353
0,Prueba diferentes palabras clave,0,4354
0,Prueba diferentes palabras clave,0,4355
0,Prueba diferentes palabras clave,0,4356
0,Prueba diferentes palabras clave,0,4357
0,Prueba diferentes palabras clave,0,4358
0,Prueba diferentes palabras clave,0,4359
0,Prueba diferentes palabras clave,0,4360
0,Prueba diferentes palabras clave,0,4361
0,Prueba diferentes palabras clave,0,4362
0,Prueba diferentes palabras clave,0,4363
0,Prueba diferentes palabras clave,0,4364
0,Prueba diferentes palabras clave,0,4365
0,Prueba diferentes palabras clave,0,4367
0,Prueba diferentes palabras clave,0,4368
0,Prueba diferentes palabras clave,0,4369
0,Prueba diferentes palabras clave,0,4370
0,Prueba diferentes palabras clave,0,4371
0,Prueba diferentes palabras clave,0,4372
0,Prueba diferentes palabras clave,0,4373
0,Prueba diferentes palabras clave,0,4374
0,Prueba diferentes palabras clave,0,4375
0,Prueba diferentes palabras clave,0,4376
0,Prueba diferentes palabras clave,0,4377
0,Prueba diferentes palabras clave,0,4379
0,Prueba diferentes palabras clave,0,4380
0,Prueba diferentes palabras clave,0,4381
0,Prueba diferentes palabras clave,0,4382
0,Prueba diferentes palabras clave,0,4383
0,Prueba diferentes palabras clave,0,4384
0,Prueba diferentes palabras clave,0,4385
0,Prueba diferentes palabras clave,0,4387
0,Prueba diferentes palabras clave,0,4388
0,Prueba diferentes palabras clave,0,4391
0,Prueba diferentes palabras clave,0,4392
0,Prueba diferentes palabras clave,0,4393
0,Prueba diferentes palabras clave,0,4394
0,Prueba diferentes palabras clave,0,4395
0,Prueba diferentes palabras clave,0,4396
0,Prueba diferentes palabras clave,0,4398
0,Prueba diferentes palabras clave,0,4400
0,Prueba diferentes palabras clave,0,4402
0,Prueba diferentes palabras clave,0,4403
0,Prueba diferentes palabras clave,0,4405
0,Prueba diferentes palabras clave,0,4409
0,Prueba diferentes palabras clave,0,4410
0,Prueba diferentes palabras clave,0,4411
0,Prueba diferentes palabras clave,0,4412
0,Prueba diferentes palabras clave,0,4413
0,Prueba diferentes palabras clave,0,4415
0,Prueba diferentes palabras clave,0,4416
0,Prueba diferentes palabras clave,0,4417
0,Prueba diferentes palabras clave,0,4418
0,Prueba diferentes palabras clave,0,4419
0,Prueba diferentes palabras clave,0,4420
0,Prueba diferentes palabras clave,0,4421
0,Prueba diferentes palabras clave,0,4422
0,Prueba diferentes palabras clave,0,4423
0,Prueba diferentes palabras clave,0,4424
0,Prueba diferentes palabras clave,0,4425
0,Prueba diferentes palabras clave,0,4426
0,Prueba diferentes palabras clave,0,4427
0,Prueba diferentes palabras clave,0,4428
0,Prueba diferentes palabras clave,0,4429
0,Prueba diferentes palabras clave,0,4430
0,Prueba diferentes palabras clave,0,4431
0,Prueba diferentes palabras clave,0,4433
0,Prueba diferentes palabras clave,0,4434
0,Prueba diferentes palabras clave,0,4435
0,Prueba diferentes palabras clave,0,4436
0,Prueba diferentes palabras clave,0,4437
0,Prueba diferentes palabras clave,0,4438
0,Prueba diferentes palabras clave,0,4439
0,Prueba diferentes palabras clave,0,4440
0,Prueba diferentes palabras clave,0,4441
0,Prueba diferentes palabras clave,0,4442
0,Prueba diferentes palabras clave,0,4443
0,Prueba diferentes palabras clave,0,4444
0,Prueba diferentes palabras clave,0,4445
0,Prueba diferentes palabras clave,0,4446
0,Prueba diferentes palabras clave,0,4447
0,Prueba diferentes palabras clave,0,4448
0,Prueba diferentes palabras clave,0,4449
0,Prueba diferentes palabras clave,0,4450
0,Prueba diferentes palabras clave,0,4452
0,Prueba diferentes palabras clave,0,4453
0,Prueba diferentes palabras clave,0,4454
0,Prueba palabras clave más generales,0,4455
0,Prueba palabras clave más generales,0,4456
0,Prueba palabras clave más generales,0,4457
0,Prueba palabras clave más generales,0,4458
0,Prueba palabras clave más generales,0,4459
0,Prueba palabras clave más generales,0,4460
0,Prueba palabras clave más generales,0,4461
0,Prueba palabras clave más generales,0,4462
0,Prueba palabras clave más generales,0,4463
0,Prueba palabras clave más generales,0,4464
0,Prueba palabras clave más generales,0,4465
0,Prueba palabras clave más generales,0,4466
0,Prueba palabras clave más generales,0,4467
0,Prueba palabras clave más generales,0,4468
0,Prueba palabras clave más generales,0,4469
0,Prueba palabras clave más generales,0,4470
0,Prueba palabras clave más generales,0,4471
0,Prueba palabras clave más generales,0,4472
0,Prueba palabras clave más generales,0,4473
0,Prueba palabras clave más generales,0,4474
0,Prueba palabras clave más generales,0,4475
0,Prueba palabras clave más generales,0,4476
0,Prueba palabras clave más generales,0,4477
0,Prueba palabras clave más generales,0,4478
0,Prueba palabras clave más generales,0,4479
0,Prueba palabras clave más generales,0,4480
0,Prueba palabras clave más generales,0,4481
0,Prueba palabras clave más generales,0,4482
0,Prueba palabras clave más generales,0,4483
0,Prueba palabras clave más generales,0,4484
0,Prueba palabras clave más generales,0,4485
0,Prueba palabras clave más generales,0,4486
0,Prueba palabras clave más generales,0,4487
0,Prueba palabras clave más generales,0,4488
0,Prueba palabras clave más generales,0,4489
0,Prueba palabras clave más generales,0,4490
0,Prueba palabras clave más generales,0,4491
0,Prueba palabras clave más generales,0,4492
0,Prueba palabras clave más generales,0,4493
0,Prueba palabras clave más generales,0,4494
0,Prueba palabras clave más generales,0,4495
0,Prueba palabras clave más generales,0,4496
0,Prueba palabras clave más generales,0,4497
0,Prueba palabras clave más generales,0,4498
0,Prueba palabras clave más generales,0,4499
0,Prueba palabras clave más generales,0,4500
0,Prueba palabras clave más generales,0,4501
0,Prueba palabras clave más generales,0,4502
0,Prueba palabras clave más generales,0,4503
0,Prueba palabras clave más generales,0,4504
0,Prueba palabras clave más generales,0,4505
0,Prueba palabras clave más generales,0,4506
0,Prueba palabras clave más generales,0,4507
0,Prueba palabras clave más generales,0,4508
0,Prueba palabras clave más generales,0,4509
0,Prueba palabras clave más generales,0,4510
0,Prueba palabras clave más generales,0,4511
0,Prueba palabras clave más generales,0,4512
0,Prueba palabras clave más generales,0,4513
0,Prueba palabras clave más generales,0,4514
0,Prueba palabras clave más generales,0,4515
0,Prueba palabras clave más generales,0,4516
0,Prueba palabras clave más generales,0,4517
0,Prueba palabras clave más generales,0,4518
0,Prueba palabras clave más generales,0,4519
0,Prueba palabras clave más generales,0,4520
0,Prueba palabras clave más generales,0,4521
0,Prueba palabras clave más generales,0,4522
0,Prueba palabras clave más generales,0,4523
0,Prueba palabras clave más generales,0,4524
0,Prueba palabras clave más generales,0,4525
0,Prueba palabras clave más generales,0,4526
0,Prueba palabras clave más generales,0,4527
0,Prueba palabras clave más generales,0,4528
0,Prueba palabras clave más generales,0,4529
0,Prueba palabras clave más generales,0,4530
0,Prueba palabras clave más generales,0,4531
0,Prueba palabras clave más generales,0,4532
0,Prueba palabras clave más generales,0,4533
0,Prueba palabras clave más generales,0,4534
0,Prueba palabras clave más generales,0,4535
0,Prueba palabras clave más generales,0,4536
0,Prueba palabras clave más generales,0,4537
0,Prueba palabras clave más generales,0,4538
0,Prueba palabras clave más generales,0,4539
0,Prueba palabras clave más generales,0,4540
0,Prueba palabras clave más generales,0,4541
0,Prueba palabras clave más generales,0,4542
0,Prueba palabras clave más generales,0,4543
0,Prueba palabras clave más generales,0,4544
0,Prueba palabras clave más generales,0,4545
0,Prueba palabras clave más generales,0,4546
0,Prueba palabras clave más generales,0,4547
0,Prueba palabras clave más generales,0,4548
0,Prueba palabras clave más generales,0,4549
0,Prueba palabras clave más generales,0,4550
0,Prueba palabras clave más generales,0,4551
0,Prueba palabras clave más generales,0,4552
0,Prueba palabras clave más generales,0,4553
0,Prueba palabras clave más generales,0,4554
0,Prueba palabras clave más generales,0,4555
0,Prueba palabras clave más generales,0,4556
0,Prueba palabras clave más generales,0,4557
0,Prueba palabras clave más generales,0,4558
0,Prueba palabras clave más generales,0,4559
0,Prueba palabras clave más generales,0,4560
0,Prueba palabras clave más generales,0,4561
0,Prueba palabras clave más generales,0,4562
0,Prueba palabras clave más generales,0,4563
0,Prueba palabras clave más generales,0,4564
0,Prueba palabras clave más generales,0,4565
0,Prueba palabras clave más generales,0,4566
0,Prueba palabras clave más generales,0,4567
0,Prueba palabras clave más generales,0,4568
0,Prueba palabras clave más generales,0,4569
0,Prueba palabras clave más generales,0,4570
0,Prueba palabras clave más generales,0,4571
0,Prueba palabras clave más generales,0,4572
0,Prueba palabras clave más generales,0,4573
0,Prueba palabras clave más generales,0,4574
0,Prueba palabras clave más generales,0,4575
0,Prueba palabras clave más generales,0,4576
0,Prueba palabras clave más generales,0,4577
0,Prueba palabras clave más generales,0,4578
0,Prueba palabras clave más generales,0,4579
0,Prueba palabras clave más generales,0,4580
0,Prueba palabras clave más generales,0,4581
0,Prueba palabras clave más generales,0,4582
0,Prueba palabras clave más generales,0,4583
0,Prueba palabras clave más generales,0,4584
0,Prueba palabras clave más generales,0,4585
0,Prueba palabras clave más generales,0,4586
0,Prueba palabras clave más generales,0,4587
0,Prueba palabras clave más generales,0,4588
0,Prueba palabras clave más generales,0,4589
0,Prueba palabras clave más generales,0,4590
0,Prueba palabras clave más generales,0,4591
0,Prueba palabras clave más generales,0,4592
0,Prueba palabras clave más generales,0,4593
0,Prueba palabras clave más generales,0,4594
0,Prueba palabras clave más generales,0,4595
0,Prueba palabras clave más generales,0,4596
0,Prueba palabras clave más generales,0,4597
0,Prueba palabras clave más generales,0,4598
0,Prueba palabras clave más generales,0,4599
0,Prueba palabras clave más generales,0,4600
0,Prueba palabras clave más generales,0,4601
0,Prueba palabras clave más generales,0,4602
0,psicoanalisis,0,4603
0,pucha que lata,0,4606
0,punk,0,4613
0,putas,0,4616
0,puta,0,4620
0,python,0,4623
0,p,0,4625
0,que  onda,0,4628
0,que busco,0,4629
0,que busco,0,4630
0,que busco,0,4631
0,que es capricornio,0,4632
0,que es el amor,0,4633
0,que es esta instalacion,0,4635
0,que es la felicidad,0,4636
0,que es la matrix,0,4637
0,Que es la mejor cancion de Cher,0,4638
0,que es lombricultura,0,4639
0,Que es uno  mas dos,0,4640
0,queijo,0,4646
0,quen es elvis    presley,0,4647
0,querer ser es mas dificil que ser,0,4649
0,queso parmesano,0,4651
0,que,0,4655
0,quién es,0,4657
0,quien eres tu,0,4658
0,quien eres,0,4659
0,quien esta ahi,0,4661
0,quien fue roque,0,4662
0,quien soy,0,4666
0,quiero jugar lol,0,4671
0,qwa ql,0,4673
0,ramon alegria,0,4679
0,ramoncito,0,4680
0,rata callegera,0,4683
0,rata,0,4684
0,rata,0,4685
0,ratchet deadlocked,0,4686
0,raton,0,4689
0,raton,0,4690
0,RAUL,0,4692
0,realidad,0,4694
0,regensburg,0,4697
0,REGISTRO,0,4698
0,reichel,0,4699
0,renata,0,4701
0,resiliencia,0,4706
0,respuesta unica,0,4707
0,restauracion,0,4709
0,restauracion,0,4710
0,resultados,0,4711
0,revelion  de las maquinas,0,4715
0,revolucion,0,4718
0,revolucion,0,4719
0,rex,0,4720
0,rfeqw,0,4721
0,rggth,0,4723
0,ricardo bullemore,0,4726
0,ricardo,0,4729
0,ricardo,0,4730
0,ricardo,0,4731
0,richter,0,4733
0,rico,0,4736
0,ricr,0,4737
0,rin,0,4742
0,rio de janeiro,0,4743
0,rio de janeiro,0,4744
0,risas,0,4746
0,risa,0,4747
0,ritalin,0,4750
0,rita,0,4751
0,roberto,0,4757
0,roberto,0,4758
0,robot,0,4759
0,robot,0,4760
0,robot,0,4761
0,rocio,0,4762
0,rodolfo,0,4764
0,rodrigo,0,4767
0,Roman,0,4774
0,romina,0,4775
0,rondonia,0,4777
0,roth,0,4782
0,roxana miranda,0,4783
0,RT,0,4789
0,ruben doblas gundersen,0,4790
0,ruido rojo,0,4791
0,rumba magazine,0,4793
0,rusia,0,4796
0,saco wea,0,4803
0,sala c,0,4807
0,salsa,0,4811
0,saltamontes,0,4812
0,salud,0,4813
0,salut,0,4814
0,salvador,0,4815
0,SAL,0,4816
0,samuel,0,4819
0,san paoli,0,4822
0,santiago cruz,0,4824
0,santiago,0,4825
0,santiago,0,4826
0,santiago,0,4828
0,santiago,0,4830
0,santiago,0,4832
0,santiago,0,4834
0,sapo,0,4836
0,SARAI TORRES CORDERO,0,4837
0,saussure,0,4845
0,sebastian araneda rojas,0,4854
0,sebastian jatz,0,4857
0,sebastian rozas,0,4859
0,secreto,0,4863
0,secreto,0,4864
0,segura,0,4865
0,selk nam,0,4867
0,semillas,0,4869
0,separacion de los jonas brothers,0,4872
0,sergio lara,0,4876
0,sergio,0,4877
0,sergio,0,4878
0,sergio,0,4879
0,seul,0,4880
0,sexo,0,4882
0,sexo,0,4883
0,sexo,0,4884
0,sexo,0,4885
0,sexo,0,4886
0,shannon,0,4889
0,sharon,0,4890
0,sharon,0,4891
0,SHERLEIN,0,4893
0,SHERLEIN,0,4894
0,sherlock,0,4895
0,sheshito,0,4896
0,shile,0,4898
0,shingeki no kyojin,0,4901
0,shingeki no kyojin,0,4902
0,si eso busqué,0,4904
0,silencer,0,4908
0,SILENCIO,0,4909
0,silencip,0,4910
0,simone,0,4913
0,simon,0,4915
0,sim,0,4917
0,sim,0,4918
0,Sinara,0,4920
0,si,0,4927
0,skate,0,4944
0,slayer,0,4947
0,sobre mi,0,4951
0,sofia bartsch,0,4954
0,sofia,0,4955
0,sofia,0,4956
0,sofia,0,4957
0,sofia,0,4958
0,SOFIA,0,4959
0,sofi,0,4960
0,sofi,0,4961
0,solitaria,0,4964
0,SOL,0,4966
0,sol,0,4971
0,son of a bitch,0,4975
0,son tontos,0,4976
0,sonic unleash,0,4977
0,sonido,0,4981
0,sonido,0,4983
0,sophia ist keine milf,0,4986
0,soquete,0,4989
0,sotomayor,0,4990
0,soy neo,0,4992
0,soy un terrorista no me arreiento de nada,0,4993
0,spaguetti,0,4994
0,spider man,0,4996
0,stefany,0,5000
0,stephanie fix,0,5003
0,steve jobs,0,5006
0,stop right now,0,5008
0,stop,0,5009
0,Sugerencias,0,5016
0,Sugerencias,0,5017
0,Sugerencias,0,5018
0,Sugerencias,0,5019
0,Sugerencias,0,5020
0,Sugerencias,0,5021
0,Sugerencias,0,5022
0,Sugerencias,0,5023
0,Sugerencias,0,5024
0,Sugerencias,0,5025
0,Sugerencias,0,5026
0,Sugerencias,0,5027
0,Sugerencias,0,5028
0,Sugerencias,0,5029
0,Sugerencias,0,5030
0,Sugerencias,0,5031
0,Sugerencias,0,5032
0,Sugerencias,0,5036
0,Sugerencias,0,5037
0,Sugerencias,0,5039
0,Sugerencias,0,5042
0,Sugerencias,0,5043
0,Sugerencias,0,5044
0,Sugerencias,0,5045
0,Sugerencias,0,5046
0,Sugerencias,0,5047
0,Sugerencias,0,5048
0,Sugerencias,0,5049
0,Sugerencias,0,5050
0,Sugerencias,0,5051
0,Sugerencias,0,5052
0,Sugerencias,0,5053
0,Sugerencias,0,5054
0,Sugerencias,0,5055
0,Sugerencias,0,5056
0,Sugerencias,0,5058
0,Sugerencias,0,5059
0,Sugerencias,0,5060
0,Sugerencias,0,5062
0,Sugerencias,0,5063
0,Sugerencias,0,5064
0,Sugerencias,0,5065
0,Sugerencias,0,5066
0,Sugerencias,0,5067
0,Sugerencias,0,5068
0,Sugerencias,0,5069
0,Sugerencias,0,5070
0,Sugerencias,0,5071
0,Sugerencias,0,5072
0,Sugerencias,0,5073
0,Sugerencias,0,5074
0,Sugerencias,0,5075
0,Sugerencias,0,5077
0,Sugerencias,0,5078
0,Sugerencias,0,5079
0,Sugerencias,0,5080
0,Sugerencias,0,5081
0,Sugerencias,0,5082
0,Sugerencias,0,5083
0,Sugerencias,0,5084
0,Sugerencias,0,5085
0,Sugerencias,0,5088
0,Sugerencias,0,5089
0,Sugerencias,0,5090
0,Sugerencias,0,5091
0,Sugerencias,0,5092
0,Sugerencias,0,5093
0,Sugerencias,0,5094
0,Sugerencias,0,5097
0,Sugerencias,0,5100
0,Sugerencias,0,5101
0,Sugerencias,0,5102
0,Sugerencias,0,5104
0,Sugerencias,0,5105
0,Sugerencias,0,5106
0,Sugerencias,0,5107
0,Sugerencias,0,5108
0,Sugerencias,0,5109
0,Sugerencias,0,5110
0,Sugerencias,0,5111
0,Sugerencias,0,5112
0,Sugerencias,0,5113
0,Sugerencias,0,5114
0,Sugerencias,0,5115
0,Sugerencias,0,5116
0,Sugerencias,0,5117
0,Sugerencias,0,5119
0,Sugerencias,0,5121
0,Sugerencias,0,5122
0,Sugerencias,0,5125
0,Sugerencias,0,5126
0,Sugerencias,0,5128
0,Sugerencias,0,5129
0,Sugerencias,0,5130
0,Sugerencias,0,5133
0,Sugerencias,0,5134
0,Sugerencias,0,5137
0,Sugerencias,0,5142
0,Sugerencias,0,5144
0,Sugerencias,0,5147
0,Sugerencias,0,5148
0,Sugerencias,0,5149
0,Sugerencias,0,5150
0,Sugerencias,0,5151
0,Sugerencias,0,5153
0,Sugerencias,0,5154
0,Sugerencias,0,5155
0,Sugerencias,0,5157
0,Sugerencias,0,5158
0,Sugerencias,0,5163
0,Sugerencias,0,5164
0,Sugerencias,0,5165
0,Sugerencias,0,5166
0,Sugerencias,0,5167
0,Sugerencias,0,5168
0,Sugerencias,0,5169
0,Sugerencias,0,5170
0,Sugerencias,0,5171
0,Sugerencias,0,5172
0,Sugerencias,0,5173
0,Sugerencias,0,5174
0,Sugerencias,0,5175
0,Sugerencias,0,5176
0,sugerencias,0,5177
0,suhde,0,5178
0,supercalifragilisticoespirialidosop,0,5180
0,suzumiya haruhi,0,5183
0,synco chile,0,5184
0,synco,0,5185
0,S,0,5188
0,s,0,5190
0,s,0,5191
0,tamara,0,5196
0,tamara,0,5197
0,te amo moises,0,5212
0,team fortress 2,0,5219
0,teatro,0,5221
0,teatro,0,5222
0,temperatura,0,5224
0,Tenebrarum,0,5225
0,tengo hambre,0,5228
0,tenis,0,5229
0,teoria de las cuerdas,0,5231
0,teo,0,5232
0,teo,0,5233
0,terapia ocupacional,0,5234
0,tere,0,5236
0,tere,0,5237
0,terremoto,0,5238
0,terremoto,0,5239
0,terremoto,0,5240
0,Terremoto,0,5241
0,terrivel,0,5242
0,TIEMPO,0,5252
0,tiempo,0,5253
0,tiempo,0,5254
0,tierra,0,5255
0,tiranosaurio rex,0,5264
0,tito,0,5265
0,toba,0,5268
0,tomar,0,5270
0,tomas,0,5276
0,tomas,0,5277
0,tomas,0,5278
0,tomysan,0,5280
0,tonka,0,5281
0,tonka,0,5282
0,topa,0,5284
0,torre,0,5287
0,tortuga,0,5289
0,trabajo,0,5291
0,tren,0,5297
0,troll,0,5300
0,truygh,0,5304
0,TU PAPA EN SHORTS,0,5307
0,tu trabajo es una mierda,0,5309
0,tu,0,5312
0,ugly,0,5314
0,ula ula,0,5316
0,umami,0,5317
0,unagi,0,5318
0,union  de centro centro,0,5322
0,universidad,0,5329
0,universo,0,5330
0,universo,0,5332
0,universo,0,5333
0,universp,0,5334
0,ursprung,0,5338
0,ursula budnik,0,5339
0,utopia,0,5350
0,uuuuuuu,0,5352
0,va,0,5355
0,vagina,0,5358
0,valentina,0,5364
0,valentina,0,5365
0,valentina,0,5366
0,valentina,0,5367
0,valentina,0,5368
0,valentina,0,5369
0,valentina,0,5370
0,valentina,0,5371
0,valentina,0,5372
0,valentina,0,5373
0,valentina,0,5374
0,valeria,0,5375
0,valeria,0,5376
0,valeria,0,5377
0,vales pico,0,5378
0,vamos ecuador y alemania,0,5380
0,Vamos Ecuador y Alemania,0,5381
0,vanessa,0,5383
0,vaquero sin espiritu,0,5385
0,vari loca,0,5386
0,vera,0,5392
0,veronica,0,5394
0,veronica,0,5395
0,viajes en el tiempo,0,5401
0,viaje,0,5402
0,viaje,0,5403
0,vialix,0,5404
0,via,0,5405
0,vicente fernandez,0,5407
0,vicente jullian,0,5410
0,vicente lobos de chile,0,5411
0,vicente lobos,0,5412
0,vicentes,0,5413
0,Vicente,0,5414
0,vicente,0,5415
0,vicente,0,5416
0,vicente,0,5417
0,vicentico,0,5418
0,victor geell,0,5420
0,victoria,0,5423
0,victoria,0,5425
0,victoria,0,5426
0,victoria,0,5427
0,victor,0,5428
0,victor,0,5429
0,victor,0,5430
0,vic,0,5431
0,vida,0,5432
0,vida,0,5433
0,vida,0,5435
0,vida,0,5436
0,vida,0,5437
0,vida,0,5439
0,vida,0,5440
0,vida,0,5441
0,vida,0,5442
0,vida,0,5443
0,vida,0,5444
0,vida,0,5445
0,vigilantes,0,5448
0,villalobos,0,5449
0,vincent,0,5450
0,violeta,0,5452
0,violeta,0,5453
0,violeta,0,5454
0,VIOLETTA,0,5456
0,violetta,0,5457
0,violetta,0,5458
0,violetta,0,5459
0,voces sao completamente loucos,0,5469
0,volao,0,5471
0,volos,0,5472
0,voy,0,5474
0,vvvv bv   jj,0,5475
0,v,0,5477
0,wachiturro,0,5479
0,walace,0,5480
0,walter benjamin,0,5481
0,weed,0,5484
0,where you from,0,5492
0,who are youam form AUS,0,5493
0,wine,0,5496
0,woman,0,5499
0,world of warcraft,0,5500
0,world of warcraft,0,5501
0,wtf,0,5502
0,w,0,5505
0,ximena,0,5511
0,y como nos vemos,0,5514
0,y marcela,0,5515
0,y que me dices de youtube,0,5516
0,y yo,0,5517
0,ya silencio me tienen cansado con su habladuria,0,5519
0,yahaira,0,5522
0,yajaira,0,5523
0,yerba,0,5527
0,yessi arias campos,0,5529
0,YGGHG,0,5535
0,yhwh,0,5536
0,yigo,0,5537
0,yisus,0,5538
0,YJHJH,0,5539
0,yo no quiero ser,0,5541
0,yo soy,0,5542
0,yocaceroleopor los tacos en la mañana,0,5543
0,yop,0,5545
0,yorkshire,0,5546
0,yoyo,0,5551
0,yoyo,0,5552
0,yo,0,5553
0,yo,0,5554
0,YO,0,5555
0,yo,0,5556
0,yo,0,5557
0,yo,0,5558
0,yo,0,5559
0,yo,0,5560
0,yo,0,5561
0,yo,0,5562
0,yo,0,5563
0,yo,0,5564
0,yo,0,5565
0,Yukki,0,5566
0,yuri,0,5567
0,yury,0,5568
0,yuyu,0,5569
0,y,0,5571
0,y,0,5572
0,zamorano,0,5576
0,zapallo,0,5578
0,zaratustra,0,5580
0,zargo,0,5581
0,zorra e,0,5586
0,z,0,5589
0,hool,0,5591
0,Asegúrate de que todas las palabras estén escritas correctamente,0,5593
0,Asegúrate de que todas las palabras estén escritas correctamente,0,5594
0,Asegúrate de que todas las palabras estén escritas correctamente,0,5595
0,Asegúrate de que todas las palabras estén escritas correctamente,0,5596
0,Asegúrate de que todas las palabras estén escritas correctamente,0,5597
0,Asegúrate de que todas las palabras estén escritas correctamente,0,5598
0,bia,0,5599
0,buscar,0,5601
0,buscar,0,5602
0,buscar,0,5603
0,casa,0,5606
0,cerro,0,5607
0,coati,0,5610
0,dios,0,5612
0,hola,0,5615
0,hola,0,5618
0,hola,0,5621
0,hola,0,5624
0,holis,0,5625
0,ive,0,5627
0,javier,0,5628
0,mayi,0,5633
0,mismos resultados ,0,5634
0,natalia,0,5635
0,no tengo internet,0,5638
0,paulina,0,5640
0,paulo,0,5641
0,personalizacion ,0,5642
0,"""podria ser spam"" ",0,5644
0,"""pornografia"" ",0,5645
0,Prueba diferentes palabras clave,0,5646
0,Prueba diferentes palabras clave,0,5647
0,Prueba diferentes palabras clave,0,5649
0,Prueba diferentes palabras clave,0,5651
0,Prueba palabras clave más generales,0,5652
0,Prueba palabras clave más generales,0,5653
0,secreto ,0,5654
0,"""spam"" ",0,5657
0,Sugerencias,0,5658
0,Sugerencias,0,5660
0,viaje,0,5661
