Segmento,Record Name,matches,Relation id
1,weon,1,9
1,11bim,1,125
1,acuario,1,170
1,adios,1,178
1,adn,1,183
1,adriana,1,184
1,adriana,1,185
1,adri,1,188
1,africa,1,193
1,agua,1,195
1,agua,1,197
1,agua,1,198
1,agua,1,199
1,agua,1,200
1,agua,1,201
1,AHHHHHHHHH,1,204
1,ahhhhhh,1,205
1,airplanes,1,206
1,ajo,1,208
1,AL REVES,1,214
1,ala,1,218
1,albamar,1,221
1,alejandra cortázar valdés,1,230
1,alejandra cortázar valdés,1,231
1,alejandra cortázar valdés,1,232
1,alejandra cortázar valdés,1,233
1,alemania nazi,1,242
1,alen,1,244
1,ale,1,255
1,ale,1,256
1,ale,1,257
1,ale,1,258
1,alfredo,1,260
1,algoritmos,1,261
1,algoritmo,1,263
1,alienacion,1,274
1,alienigenas,1,275
1,alien,1,276
1,allogenes,1,279
1,alonso,1,290
1,alonso,1,291
1,alphaville,1,292
1,amanita,1,300
1,amaya,1,301
1,amen,1,304
1,americo,1,308
1,amistad,1,310
1,amon amarth,1,311
1,amore,1,320
1,amor,1,351
1,amor,1,363
1,amor,1,364
1,amour,1,388
1,ana katalina torres,1,390
1,anais,1,394
1,Analia,1,395
1,anarquia,1,399
1,anarquismo,1,400
1,anastasios,1,401
1,andrea ubal,1,407
1,andres,1,411
1,angelishi,1,419
1,angiotensina,1,424
1,anonymous,1,431
1,ant,1,443
1,ao,1,447
1,ao,1,448
1,aracely,1,453
1,arbol,1,455
1,arbol,1,456
1,ARBOL,1,457
1,ARELY M RODRIGUEZ MARQUEZ,1,458
1,arenita,1,461
1,arepa,1,462
1,argentina gana el mundial 2014,1,465
1,Argentina,1,468
1,arquitectura,1,474
1,arquitectura,1,475
1,arte    contemporaneo,1,478
1,arte contemporaneo,1,480
1,arte por el arte,1,484
1,artes mediales,1,485
1,artes visuales,1,486
1,arturo subercaseaux,1,512
1,aschein,1,514
1,asdfg,1,516
1,asdf,1,517
1,asd,1,519
1,asd,1,520
1,ashley benson,1,686
1,atmosfera,1,692
1,atomo,1,693
1,attack on tita,1,694
1,aurora,1,696
1,autosustentable,1,703
1,axel,1,713
1,axioma,1,715
1,búsqueda,1,729
1,búsqueda,1,730
1,búsqueda,1,731
1,búsqued,1,732
1,babapapa,1,734
1,babeto,1,735
1,bachelet,1,736
1,bachelet,1,737
1,bachelet,1,738
1,ballet nacional cubano,1,743
1,barbarella,1,750
1,barroco,1,753
1,barro,1,754
1,bar,1,756
1,BASTA,1,757
1,bastian,1,760
1,bastidor de tela para pintar,1,761
1,basura la bienal,1,762
1,basura,1,764
1,battlefield,1,768
1,bazinga,1,771
1,bazinga,1,772
1,bebe,1,782
1,beijo,1,784
1,belieber forever,1,790
1,beneath   the masacre,1,794
1,Berlin,1,806
1,berlin,1,807
1,bertin,1,810
1,bhvhf,1,817
1,bicicleta,1,822
1,bienal,1,826
1,Bjork,1,834
1,bjork,1,835
1,black death,1,838
1,black sabbath,1,839
1,black sabbath,1,840
1,bobmarley,1,846
1,bola,1,848
1,bomba estereo,1,850
1,bomberos,1,851
1,bon jovi,1,853
1,botafogo,1,857
1,bowie,1,861
1,brasil,1,863
1,brasil,1,868
1,brasil,1,874
1,bresler,1,882
1,buscar,1,899
1,buscar,1,900
1,buscar,1,906
1,buscar,1,907
1,buscar,1,915
1,busquda,1,925
1,busqueda,1,928
1,busqueda,1,929
1,bvam,1,931
1,byte,1,933
1,b,1,935
1,cabeza de grifo,1,945
1,cabeza,1,947
1,cabeza,1,948
1,cacatua,1,949
1,caca,1,950
1,caca,1,951
1,caca,1,952
1,caca,1,953
1,caca,1,954
1,caca,1,955
1,caca,1,956
1,caca,1,957
1,caca,1,958
1,caca,1,959
1,caca,1,960
1,caca,1,961
1,caca,1,962
1,caca,1,963
1,caca,1,964
1,caca,1,965
1,caca,1,969
1,caca,1,971
1,caca,1,973
1,caca,1,974
1,caca,1,975
1,caca,1,976
1,caca,1,977
1,caca,1,978
1,caca,1,979
1,caca,1,980
1,cachai,1,981
1,cachalote,1,982
1,cachorro,1,983
1,california,1,988
1,callate,1,993
1,callate,1,994
1,callate,1,995
1,callate,1,996
1,callate,1,997
1,callate,1,998
1,callate,1,999
1,callense porfavor,1,1002
1,calor,1,1006
1,camila cocina varas,1,1010
1,camila de los reyes,1,1011
1,camila,1,1014
1,camila,1,1015
1,camila,1,1016
1,camila,1,1017
1,camila,1,1018
1,camila,1,1020
1,camila,1,1021
1,camila,1,1022
1,camila,1,1023
1,camila,1,1024
1,camilo andres bionic,1,1026
1,camil,1,1031
1,cancer,1,1033
1,candy crush saga,1,1035
1,canones,1,1040
1,canon,1,1041
1,canon,1,1042
1,capo,1,1044
1,caracas,1,1046
1,caren,1,1050
1,carlos pellegrini,1,1055
1,carlos,1,1059
1,carlos,1,1060
1,carlos,1,1062
1,carnifex,1,1069
1,carolina toha,1,1079
1,carolina,1,1080
1,carolina,1,1082
1,carolina,1,1085
1,carolina,1,1086
1,carolina,1,1087
1,carta,1,1091
1,casco de bombero,1,1123
1,caso  roswellt,1,1124
1,casoni,1,1125
1,caso,1,1126
1,castres olympique,1,1127
1,castres,1,1128
1,catalina cono,1,1129
1,catalina cortazar,1,1132
1,catalina hernandez orellana,1,1136
1,CATALUNYA,1,1144
1,catastrofe,1,1145
1,cata,1,1146
1,cata,1,1148
1,cat,1,1151
1,cauquenes,1,1155
1,celular,1,1165
1,cerveza,1,1169
1,cesar,1,1171
1,ceuta,1,1172
1,chao,1,1183
1,chao,1,1184
1,chao,1,1185
1,chao,1,1187
1,chao,1,1188
1,chao,1,1189
1,chao,1,1190
1,charlie,1,1192
1,Chicago Illinois,1,1197
1,chica,1,1198
1,chile el mejor,1,1200
1,chile el mejor,1,1201
1,chilemonos,1,1204
1,chilenos,1,1205
1,chile,1,1206
1,chile,1,1207
1,chile,1,1208
1,chile,1,1210
1,chile,1,1211
1,chile,1,1212
1,chile,1,1213
1,chile,1,1223
1,chile,1,1226
1,chile,1,1228
1,chino,1,1235
1,cholo,1,1239
1,chomi,1,1240
1,CHRISTIAN   MONTES,1,1243
1,christian montes,1,1249
1,christian rebolledo,1,1251
1,christy,1,1254
1,chupa la caesa,1,1257
1,chupalo,1,1260
1,CHUPALO,1,1261
1,cielo,1,1265
1,ciencia,1,1266
1,cintya,1,1269
1,cintya,1,1270
1,cintya,1,1271
1,claudia brevis,1,1276
1,claudia lizett,1,1279
1,claudia,1,1283
1,claudia,1,1284
1,claudia,1,1285
1,clicktoris,1,1292
1,clinamen,1,1294
1,club penguin,1,1296
1,cocondrilo,1,1306
1,colibri,1,1323
1,colibri,1,1324
1,colo colo,1,1326
1,colocolo,1,1327
1,colombia,1,1330
1,colombia,1,1331
1,como es el espacio,1,1347
1,como se llama el personaje principal de hora de aventura,1,1354
1,computadora,1,1359
1,computadores,1,1360
1,comunismo,1,1364
1,comunismo,1,1365
1,comunismo,1,1366
1,concepto,1,1371
1,conchetumare,1,1372
1,conchetumare,1,1373
1,conchetumare,1,1374
1,condon,1,1375
1,CONECTIVIDAD,1,1376
1,CONECTIVIDAD,1,1377
1,CONECTIVIDAD,1,1378
1,CONECTIVIDAD,1,1379
1,CONECTIVIDAD,1,1380
1,CONECTIVIDAD,1,1381
1,CONNECTIVIDAD,1,1385
1,CONNECTIVIDAD,1,1386
1,CONNECTIVIDAD,1,1387
1,CONNECTIVIDAD,1,1388
1,constanza diez,1,1392
1,cool,1,1404
1,corazon,1,1409
1,cordillera,1,1413
1,corinthians,1,1415
1,cosas,1,1416
1,cosplay,1,1420
1,cotillon,1,1421
1,cotillon,1,1422
1,cotillon,1,1423
1,crapula,1,1426
1,crepypasta,1,1427
1,cristal,1,1428
1,CRISTAL,1,1429
1,cristian rios concha,1,1435
1,cristobal leon,1,1443
1,crystal castles,1,1450
1,CUADRADO,1,1453
1,cual es tu nombre,1,1459
1,cuando hablra paz en israel,1,1460
1,cuantos peces hay en el mar,1,1464
1,curitiba,1,1472
1,C,1,1479
1,da vinci,1,1480
1,daft punk,1,1483
1,daiana,1,1485
1,dallas cowboys,1,1488
1,dame la descripcion de       alo,1,1489
1,damian,1,1491
1,daniel y angela se aman,1,1497
1,daniela danae de los angeles castro  salinas,1,1501
1,daniela,1,1506
1,daniela,1,1509
1,daniela,1,1513
1,daniel,1,1514
1,daniel,1,1516
1,daniel,1,1517
1,Daniel,1,1518
1,datilera,1,1526
1,dato,1,1527
1,DAVILA,1,1533
1,de nada,1,1534
1,dead,1,1539
1,dedo,1,1541
1,dedo,1,1543
1,defs,1,1545
1,DEMI LOVATO,1,1548
1,dictaduea,1,1570
1,dictadura 1973,1,1571
1,dictadura,1,1573
1,diego de rivera,1,1575
1,diego karadima,1,1578
1,diego malchuk,1,1580
1,diego,1,1582
1,diferente,1,1588
1,DILMA QUEDA DOLAR,1,1590
1,dimi,1,1591
1,dino,1,1595
1,dios,1,1604
1,dios,1,1605
1,dmt,1,1621
1,Do  you speak english,1,1622
1,Doktrina inversa,1,1628
1,dominique latournerie,1,1631
1,donde  estas,1,1634
1,Dorian grey,1,1640
1,dream,1,1645
1,dubstep,1,1650
1,edgar allan poe,1,1663
1,el origen de la vida,1,1689
1,el sebastian se la come completa,1,1696
1,elecciones presidenciales chile,1,1704
1,elefante,1,1705
1,elicoptero suizo,1,1709
1,elizabeth,1,1712
1,elvis,1,1717
1,eminem,1,1723
1,empatia,1,1725
1,energía nuclear,1,1729
1,enter,1,1737
1,epidictico,1,1741
1,ergo,1,1743
1,erika,1,1745
1,Eryk Biernacki,1,1748
1,escorpion,1,1753
1,escorpion,1,1755
1,escrbe para buscar,1,1756
1,escribo para buscar,1,1763
1,escuela carlos pellegrini,1,1765
1,ESCUELA DE CINE DE CHILE,1,1766
1,ese,1,1768
1,ESTAFILOCOCO,1,1777
1,Estamos tan contento de hablar en Portugese,1,1778
1,estar,1,1779
1,estela,1,1789
1,estela,1,1790
1,esto es una edstafa,1,1793
1,esto no tiene sentido,1,1794
1,euroinmobiliaria,1,1804
1,evaldo,1,1805
1,evelyn mattey,1,1808
1,EVEREST,1,1816
1,evolucion,1,1818
1,extraterrestres,1,1823
1,E,1,1826
1,e,1,1827
1,e,1,1828
1,F22 raptro,1,1829
1,fabi,1,1835
1,facebook,1,1838
1,facebook,1,1840
1,fac,1,1842
1,fanari,1,1847
1,fancy pants,1,1848
1,fan,1,1858
1,fati,1,1860
1,fauno,1,1861
1,fau,1,1863
1,fd,1,1868
1,fea,1,1872
1,federico lira,1,1875
1,feet,1,1876
1,felicidad,1,1880
1,felicidad,1,1881
1,FELICIDAD,1,1882
1,FELICIDAD,1,1883
1,felipo souza,1,1892
1,FELIZ,1,1895
1,feminismo,1,1897
1,feo,1,1899
1,fernando,1,1908
1,fernando,1,1909
1,ferreteria,1,1910
1,fg,1,1925
1,fhj,1,1927
1,Filipe e Ricardo,1,1929
1,Filomena,1,1932
1,fixies,1,1936
1,flamengo,1,1937
1,flor,1,1945
1,flor,1,1948
1,FORMATO,1,1957
1,fotos,1,1962
1,fquilpue,1,1964
1,Fractal,1,1965
1,francia,1,1968
1,francia,1,1969
1,francisca,1,1974
1,franco,1,1987
1,frank,1,1990
1,frederico menegaz conrado,1,1994
1,fredes,1,1996
1,frigio,1,1999
1,fr,1,2002
1,futebol,1,2012
1,futuro,1,2013
1,fuwa,1,2015
1,gabi acuna,1,2020
1,gabriela,1,2025
1,gabriela,1,2027
1,gaci,1,2031
1,gael garcia,1,2032
1,gaia,1,2033
1,game of thrones,1,2040
1,Gasaton,1,2042
1,gaspar galaz,1,2043
1,gaspar galaz,1,2044
1,Gaston,1,2045
1,gato blanco,1,2053
1,gato con botas,1,2054
1,gatos,1,2058
1,gatos,1,2059
1,gatos,1,2060
1,gatos,1,2061
1,gatos,1,2062
1,gatos,1,2063
1,gatos,1,2064
1,gatos,1,2065
1,gatos,1,2066
1,gatos,1,2067
1,gatos,1,2068
1,gatos,1,2069
1,gato,1,2076
1,gato,1,2092
1,gato,1,2098
1,gato,1,2099
1,gato,1,2109
1,gato,1,2111
1,gato,1,2112
1,GENOMA,1,2123
1,gente,1,2125
1,george kuchar,1,2130
1,george,1,2131
1,gerundio,1,2136
1,gggggg,1,2140
1,ggg,1,2144
1,ghazi,1,2148
1,ghb,1,2149
1,ghghñ,1,2152
1,ghkj,1,2156
1,gilles,1,2159
1,giovanni,1,2161
1,gisella borzone,1,2162
1,globo,1,2165
1,goku,1,2168
1,goku,1,2169
1,gol,1,2170
1,gonorrea,1,2171
1,gonzalo meza julia,1,2172
1,google,1,2175
1,google,1,2177
1,google,1,2178
1,google,1,2179
1,google,1,2180
1,google,1,2183
1,google,1,2186
1,google,1,2189
1,google,1,2190
1,gota,1,2194
1,graffiti,1,2197
1,gravedad,1,2199
1,Grupo Quinto,1,2204
1,guaripolo,1,2210
1,guauque,1,2211
1,guernica,1,2213
1,guerra,1,2215
1,guerra,1,2216
1,guilherme,1,2221
1,gula,1,2226
1,g,1,2234
1,había una vez un homrbres,1,2240
1,había una vez,1,2241
1,hamstter,1,2249
1,hans,1,2251
1,happy,1,2254
1,harry styles,1,2256
1,heber,1,2262
1,helado,1,2267
1,helado,1,2268
1,hello,1,2274
1,hello,1,2275
1,help,1,2277
1,hemapoyesis,1,2278
1,herobrine,1,2283
1,herobrine,1,2284
1,hey,1,2286
1,hfhjg,1,2289
1,hf,1,2290
1,hghg,1,2294
1,hhhh,1,2299
1,hhhh,1,2300
1,hhj,1,2302
1,hijo de puta,1,2309
1,hikaru,1,2310
1,hipopotamo,1,2314
1,hirst,1,2318
1,hjb,1,2322
1,hjk,1,2325
1,hj,1,2326
1,hlelp,1,2328
1,hola,1,2340
1,hola amor,1,2343
1,hola estoy funcionando,1,2348
1,hola me llamo jesu y ustedes,1,2351
1,hola mundo,1,2353
1,hola,1,2360
1,hola,1,2380
1,hola,1,2432
1,hola,1,2439
1,hola,1,2446
1,hola,1,2447
1,hola,1,2484
1,hola,1,2486
1,hola,1,2491
1,hola,1,2506
1,hola,1,2510
1,hola,1,2515
1,hola,1,2522
1,hola,1,2540
1,hola,1,2585
1,hola,1,2590
1,hola,1,2592
1,hola,1,2600
1,hola,1,2603
1,hola,1,2604
1,hola,1,2607
1,hola,1,2611
1,hola,1,2660
1,hola,1,2661
1,holland,1,2672
1,hols,1,2676
1,hombre,1,2679
1,HOMO-LOGOS,1,2682
1,homologos,1,2683
1,hongo,1,2690
1,hormigón armado,1,2694
1,hormigon armado,1,2695
1,hoy,1,2702
1,HUBAC,1,2705
1,huesos,1,2709
1,hueso,1,2710
1,huhuhu,1,2714
1,hvv,1,2720
1,ignacio,1,2740
1,imagen criolla,1,2749
1,inferix,1,2758
1,inferno,1,2759
1,ingenieria civil en minas,1,2766
1,ingles,1,2768
1,ingresar,1,2769
1,INGRESAR,1,2770
1,INTERGER,1,2777
1,internetinteligencia artificial,1,2778
1,Ip Chile,1,2782
1,iron man,1,2786
1,iron meiden,1,2787
1,isauro torres,1,2791
1,isauro torres,1,2792
1,isis,1,2797
1,IVANA,1,2809
1,J CLAUDIO MORENO ROCHA,1,2816
1,jaidefinichon,1,2824
1,jaidefinichon,1,2826
1,jairo,1,2833
1,jajaja,1,2836
1,james,1,2839
1,jamon con pancito oh seee,1,2843
1,jamon,1,2844
1,JANET,1,2847
1,jane,1,2848
1,JANIS JOPLIN,1,2849
1,javiera bernal tolosa,1,2855
1,javiera montt,1,2857
1,JAVIERA,1,2862
1,javiera,1,2863
1,javiera,1,2867
1,javiera,1,2868
1,JAVIERA,1,2869
1,jax,1,2874
1,jeminis,1,2877
1,jennifer,1,2879
1,jeronimo,1,2885
1,jeronimo,1,2890
1,jeronimo,1,2891
1,jf,1,2901
1,jhg,1,2902
1,jhkhkj,1,2908
1,jh,1,2911
1,ji,1,2916
1,jja,1,2918
1,jjuju,1,2923
1,jj,1,2925
1,jj,1,2926
1,jj,1,2927
1,jm,1,2931
1,joa,1,2942
1,jodsd,1,2946
1,johanna,1,2948
1,jojo,1,2953
1,jonas brothers,1,2955
1,jony,1,2962
1,juacida,1,2988
1,juan luis campos,1,2995
1,jueves,1,3018
1,jueves,1,3019
1,juju,1,3021
1,julieta,1,3028
1,Justin Bieber,1,3042
1,justin bieber,1,3044
1,justin,1,3046
1,jxfj,1,3048
1,KARAOKE,1,3060
1,kari,1,3064
1,karola,1,3072
1,kathy,1,3077
1,kaulen,1,3080
1,kendall schmidt,1,3089
1,kisazhi,1,3103
1,kjhg,1,3106
1,kj,1,3111
1,kkkkkkkkkk,1,3114
1,kkkk,1,3115
1,kn,1,3117
1,koala,1,3118
1,kousan,1,3120
1,kuk,1,3124
1,k,1,3132
1,k,1,3134
1,K,1,3135
1,la busqueda del amor de t,1,3136
1,la felicidad,1,3137
1,la flaca es pesa,1,3139
1,la fran,1,3140
1,la moneda,1,3143
1,la pelicula,1,3145
1,la que te pario,1,3147
1,LALA,1,3156
1,lala,1,3158
1,lana del rey,1,3162
1,laura sanchez,1,3170
1,laura,1,3175
1,league of legends,1,3178
1,league of legends,1,3179
1,lechuga,1,3182
1,legend de la street,1,3183
1,lego,1,3184
1,lego,1,3185
1,leilane,1,3186
1,leonardo da vinci,1,3193
1,lh,1,3204
1,libertad,1,3211
1,liceo de aplicación,1,3213
1,liliana,1,3216
1,lilian,1,3218
1,lina,1,3220
1,lion,1,3222
1,llamar,1,3227
1,lmfao,1,3233
1,lo que sea,1,3234
1,loco,1,3242
1,lola,1,3254
1,lollypop,1,3256
1,lonji,1,3268
1,lop,1,3271
1,los fabulosos cadillacs,1,3282
1,los lentos a gogo,1,3283
1,loto,1,3286
1,lozas del diablo,1,3293
1,ludwing,1,3303
1,luis miguel,1,3308
1,lukas,1,3316
1,luna,1,3318
1,luna,1,3319
1,luna,1,3320
1,luna,1,3321
1,luna,1,3322
1,luna,1,3325
1,lupus,1,3327
1,luz,1,3329
1,luz,1,3330
1,luz,1,3331
1,l,1,3333
1,l,1,3334
1,l,1,3336
1,l,1,3337
1,l,1,3338
1,m soy parte de la malla de la vida,1,3340
1,macaco,1,3342
1,maca,1,3347
1,machine,1,3349
1,madre,1,3353
1,MAINHARD,1,3361
1,maipu,1,3362
1,mama,1,3372
1,Mami Tomoe,1,3377
1,Mami Tomoe,1,3378
1,mandujano,1,3379
1,manga,1,3381
1,mangelrogel,1,3382
1,manue echeverria,1,3386
1,manuela,1,3389
1,manzana,1,3395
1,maria jose cigna cigna,1,3424
1,mariah,1,3428
1,mariana belen flores olivi,1,3431
1,mario brothers,1,3445
1,mario,1,3446
1,marsupilami,1,3452
1,martin,1,3459
1,marvel,1,3462
1,mas resultados,1,3471
1,masacre,1,3472
1,mas,1,3479
1,mata,1,3480
1,matematicas,1,3481
1,matheus,1,3482
1,matias  galvez,1,3483
1,matt hunter,1,3502
1,matthew honek,1,3503
1,mauro,1,3512
1,mauruuru,1,3513
1,MAX,1,3515
1,mayiyo,1,3516
1,mayra,1,3518
1,me la ban a pagar,1,3527
1,me lo fala,1,3530
1,megadeth,1,3535
1,melisa,1,3536
1,melissa,1,3537
1,memoria,1,3539
1,MENTIRA,1,3541
1,merchan,1,3544
1,mercyful fate,1,3545
1,mercyful fate,1,3546
1,mercyful fate,1,3547
1,merry,1,3551
1,Mesopotamia,1,3556
1,messi,1,3557
1,METAMORFOSIS,1,3561
1,mexico,1,3565
1,mexico,1,3566
1,mexico,1,3567
1,mi pololo es boni,1,3571
1,miau,1,3573
1,michele,1,3575
1,michelle obama,1,3586
1,michelle,1,3587
1,miedo,1,3591
1,mierda,1,3595
1,mierda,1,3597
1,miinecraft,1,3602
1,miku  hatasune,1,3603
1,milay,1,3604
1,minecraft,1,3612
1,minecraft,1,3615
1,Minecraft,1,3617
1,miquel  cabrera,1,3623
1,mirentxu,1,3628
1,mismo resultado,1,3633
1,mismos resultados,1,3634
1,mitocondria,1,3635
1,mitrovic,1,3636
1,mi,1,3637
1,mmmmm,1,3640
1,molecula,1,3649
1,monica,1,3653
1,mono,1,3654
1,mono,1,3655
1,mordecai,1,3661
1,mr guantecillo,1,3665
1,muerte y sufrimiento,1,3672
1,muerte,1,3673
1,muerte,1,3675
1,muerte,1,3678
1,mundo,1,3686
1,murio justin bieber,1,3687
1,musica,1,3710
1,m,1,3723
1,m,1,3724
1,m,1,3725
1,m,1,3728
1,m,1,3729
1,nacha,1,3730
1,nada,1,3731
1,nada,1,3732
1,nada,1,3737
1,nariz,1,3744
1,naruto,1,3745
1,natalia de asterion,1,3750
1,natalia de aterion,1,3751
1,NATALIA,1,3759
1,nataly,1,3762
1,nataniel,1,3763
1,naturaleza,1,3765
1,negro  esclavo,1,3770
1,nelly,1,3774
1,nicanor parra,1,3781
1,nicki,1,3783
1,nico medina,1,3784
1,nicolas grum,1,3790
1,nicolas luco,1,3791
1,nietzsche,1,3805
1,nihao,1,3807
1,nimu,1,3808
1,ninoska,1,3813
1,no estaria entendiendo,1,3820
1,no les bolbere a ablar,1,3822
1,no se porque,1,3825
1,no se porque,1,3826
1,no tengo internet,1,3829
1,no tengo internet,1,3834
1,NO TENGO INTERNET,1,3835
1,no tengo internet,1,3836
1,no tengo internet,1,3837
1,no tengo internet,1,3838
1,no tengo internet,1,3839
1,no tengo internet,1,3840
1,no tengo internet,1,3844
1,no tengo internet,1,3845
1,no tengo internet,1,3847
1,no tengop internet,1,3848
1,nombre,1,3851
1,nooooo,1,3853
1,nora,1,3854
1,NOVIOS,1,3857
1,no,1,3859
1,no,1,3860
1,no,1,3867
1,no,1,3868
1,no,1,3873
1,no,1,3874
1,nu metal,1,3876
1,octavia,1,3901
1,odio,1,3903
1,ojo,1,3914
1,ojo,1,3915
1,ok,1,3918
1,ok,1,3919
1,ola ka,1,3925
1,ola,1,3935
1,oli,1,3945
1,oli,1,3946
1,olly murs,1,3948
1,olocausto nasi,1,3949
1,olocausto nazi,1,3950
1,Oo,1,3957
1,orgasmo,1,3959
1,origen de la vida,1,3960
1,orlando,1,3961
1,osasco,1,3968
1,oscar,1,3972
1,otra vez,1,3976
1,ovnis,1,3978
1,pablo herrera,1,3983
1,pablo naruda,1,3985
1,pablo palacios,1,3989
1,paloma,1,4005
1,pandas,1,4017
1,pantagruelico,1,4018
1,pan,1,4019
1,papa,1,4025
1,paraguas,1,4033
1,paralelepipedo,1,4034
1,paralelepipedo,1,4035
1,parar,1,4038
1,parche,1,4040
1,parisi,1,4043
1,Partogenesis,1,4045
1,pasion,1,4046
1,pato,1,4052
1,pato,1,4053
1,patricio alvarez baritono,1,4054
1,paula dittborn,1,4062
1,paula,1,4067
1,Paula,1,4071
1,paul,1,4079
1,pau,1,4080
1,pearl jam,1,4091
1,pearl jam,1,4092
1,pelo,1,4102
1,peluca,1,4103
1,pelusa,1,4104
1,PEPE   MALDONADO,1,4139
1,pera,1,4140
1,perra,1,4147
1,perros,1,4150
1,perros,1,4151
1,perro,1,4153
1,perro,1,4158
1,perro,1,4160
1,PERRO,1,4162
1,perro,1,4165
1,perro,1,4174
1,personalizacion,1,4180
1,persona,1,4183
1,peru,1,4184
1,peru,1,4186
1,phyton,1,4192
1,piñera,1,4193
1,piñera,1,4196
1,picaso,1,4199
1,pichula,1,4200
1,pico pal que lee,1,4202
1,picoroco,1,4204
1,pikachu,1,4212
1,pikachu,1,4213
1,pili,1,4216
1,pink floyd,1,4218
1,pino,1,4223
1,pinturas  aeropostales,1,4225
1,pintura,1,4226
1,pipi,1,4229
1,pisis,1,4232
1,pitagoras,1,4234
1,planeta,1,4237
1,plantas,1,4238
1,plaza del arte,1,4243
1,plop,1,4246
1,poite,1,4253
1,pollo,1,4257
1,polo,1,4260
1,polvo,1,4261
1,poseida por demonio,1,4274
1,pou,1,4288
1,priscilla,1,4294
1,procrastinar,1,4298
1,protones,1,4305
1,Prueba diferentes palabras clave,1,4309
1,Prueba diferentes palabras clave,1,4331
1,Prueba diferentes palabras clave,1,4366
1,Prueba diferentes palabras clave,1,4378
1,Prueba diferentes palabras clave,1,4386
1,Prueba diferentes palabras clave,1,4389
1,Prueba diferentes palabras clave,1,4390
1,Prueba diferentes palabras clave,1,4397
1,Prueba diferentes palabras clave,1,4399
1,Prueba diferentes palabras clave,1,4401
1,Prueba diferentes palabras clave,1,4404
1,Prueba diferentes palabras clave,1,4406
1,Prueba diferentes palabras clave,1,4407
1,Prueba diferentes palabras clave,1,4408
1,Prueba diferentes palabras clave,1,4414
1,pueblo,1,4608
1,puedes hablar como los,1,4609
1,puerta,1,4611
1,punta lobos,1,4614
1,puta,1,4618
1,puta,1,4619
1,putrefaccion,1,4621
1,p,1,4624
1,Que es el ultimo pregunta de vida el universo  y todo,1,4634
1,quena,1,4648
1,queso,1,4652
1,queso,1,4653
1,quien hace algo a la tela de la vida se lo hace a si mismo,1,4663
1,quien soy yo,1,4664
1,quieres comer mi mierda,1,4667
1,quiero comer,1,4668
1,quiero direcha,1,4669
1,Rafael Oliveira Monteiro,1,4678
1,rapa nui,1,4681
1,ratchet,1,4687
1,ratm,1,4688
1,real madrid,1,4693
1,recife,1,4696
1,remolino,1,4700
1,renca la lleva,1,4702
1,represion,1,4705
1,REVOLUCAO CUBANA,1,4716
1,revolucion,1,4717
1,riadi,1,4724
1,ricardo andres pina dinamarca,1,4725
1,ricardo tapia,1,4728
1,richi,1,4732
1,rick,1,4735
1,rihanna,1,4738
1,rihanna,1,4739
1,Rio Nilo,1,4745
1,rise against,1,4748
1,rise against,1,4749
1,rizoma,1,4752
1,robert  downey jr,1,4753
1,rodrigo  antonio aguirre henriquez,1,4765
1,rojo,1,4768
1,rommel,1,4776
1,ronnie,1,4778
1,rosario,1,4780
1,roxana,1,4784
1,roxana,1,4785
1,ruth,1,4797
1,R,1,4799
1,saber,1,4801
1,sabiduria,1,4802
1,sakamoto,1,4806
1,samael aun weor,1,4817
1,samuel,1,4818
1,san luis de quillota,1,4821
1,santiago,1,4827
1,santiago,1,4829
1,santiago,1,4831
1,santiago,1,4833
1,santos futebol clube,1,4835
1,sdfdf,1,4847
1,sdfghjkl,1,4848
1,sebastian gonzalez,1,4856
1,sebastian piñera,1,4858
1,sebastian,1,4861
1,selva,1,4868
1,senador,1,4870
1,sentimientos basados en un amor infinito,1,4871
1,sepiroth,1,4873
1,ser humano,1,4874
1,ser o no ser,1,4875
1,sewell,1,4881
1,sexo,1,4887
1,shazam,1,4892
1,siento y miento,1,4906
1,signo,1,4907
1,silverio,1,4911
1,sintaxis,1,4921
1,siriano,1,4922
1,si,1,4924
1,si,1,4928
1,si,1,4929
1,si,1,4931
1,si,1,4932
1,si,1,4933
1,SI,1,4934
1,SI,1,4935
1,SI,1,4940
1,SI,1,4941
1,SI,1,4942
1,Si,1,4943
1,skrillex,1,4945
1,sky,1,4946
1,sobaka,1,4950
1,sociedad de mierda,1,4952
1,soda stereo,1,4953
1,soledad,1,4963
1,sol,1,4967
1,sol,1,4968
1,sol,1,4969
1,sol,1,4970
1,sol,1,4972
1,sol,1,4973
1,sol,1,4974
1,sonic,1,4978
1,sonic,1,4979
1,sonic,1,4980
1,sonido,1,4982
1,sonido,1,4984
1,sonrie,1,4985
1,sophia,1,4987
1,soy feo,1,4991
1,spam,1,4995
1,splonge,1,4998
1,stalin,1,4999
1,steve jobs,1,5007
1,subterraneo,1,5010
1,sueño,1,5012
1,sugar,1,5013
1,super man,1,5179
1,system of a down,1,5187
1,s,1,5189
1,tagore,1,5192
1,talca,1,5194
1,tania,1,5200
1,tdf,1,5209
1,te   dare la mano,1,5210
1,te amo justin bieber,1,5211
1,te quiero,1,5215
1,te quiero,1,5216
1,te,1,5217
1,teamo,1,5220
1,telon,1,5223
1,tengo  hambre,1,5226
1,tengo ganas de comer asado,1,5227
1,teologia,1,5230
1,teresa,1,5235
1,thales,1,5243
1,the beatles,1,5244
1,the dillinger escape plan,1,5246
1,the legend of zelda,1,5247
1,tierra,1,5256
1,tierra,1,5257
1,tierra,1,5258
1,tigresa del oriente,1,5259
1,tigre,1,5261
1,ti,1,5266
1,tomas florews,1,5271
1,tomas palmares,1,5273
1,tomas palmares,1,5274
1,tomas sepulveda,1,5275
1,tomas,1,5279
1,tortuga,1,5288
1,TRABAJO,1,5290
1,trabajo,1,5292
1,trak,1,5293
1,tramadol,1,5294
1,tramas y urdimbres,1,5295
1,travajo,1,5296
1,tripofobia,1,5298
1,trucha,1,5301
1,trufaframbuesa,1,5302
1,truli,1,5303
1,tu hermana mon,1,5306
1,turistas,1,5310
1,t,1,5313
1,undurraga,1,5319
1,universidad santa maria,1,5328
1,universo,1,5331
1,unko,1,5335
1,uno,1,5336
1,uno,1,5337
1,ursula budnik,1,5340
1,Uruguay,1,5342
1,uruguay,1,5343
1,usach,1,5344
1,usach,1,5345
1,usain bolt,1,5348
1,utrecht,1,5351
1,uyhou,1,5353
1,vaca,1,5356
1,vaginas,1,5357
1,vagina,1,5359
1,valentina montero,1,5362
1,van halen,1,5382
1,vanitas vanitatum et omnias vanitas,1,5384
1,varinia,1,5387
1,vc e  um burro,1,5388
1,vertebrado,1,5396
1,vicente gomez,1,5408
1,victor jara,1,5421
1,vida,1,5434
1,vida,1,5438
1,vieja,1,5446
1,viernes,1,5447
1,violetta,1,5455
1,violines,1,5460
1,viva chile mierda,1,5465
1,vivir sen aire,1,5468
1,warner,1,5482
1,water,1,5483
1,Wena Naty,1,5485
1,weon,1,5486
1,What is  Josephs    middle name,1,5489
1,wn,1,5497
1,w,1,5504
1,xd,1,5508
1,xenopus leaves,1,5509
1,xiexie,1,5510
1,x,1,5513
1,ya bueno pero algo mas nuevo,1,5518
1,yegua,1,5526
1,yessi,1,5530
1,yoo,1,5544
1,Youtube,1,5549
1,youtuve,1,5550
1,yuy,1,5570
1,zapato,1,5579
1,zayn malik,1,5582
1,zh,1,5584
1,zzz,1,5588
1,Z,1,5590
1,adriana,1,5592
1,callate,1,5604
1,camila,1,5605
1,cintya,1,5609
1,FELIZ,1,5613
1,fernando,1,5614
1,hola,1,5619
1,Kjm,1,5631
1,nataniel,1,5636
1,"""no es spam"" ",1,5637
1,ola,1,5639
1,Prueba diferentes palabras clave,1,5648
1,Prueba diferentes palabras clave,1,5650
1,sonrie,1,5656
